,Num_DRS,DRS,Num_GVE,GVE,Num_Região_Saúde,RegiãodeSaúde,Município,SE01,SE02,SE03,SE04,SE05,SE06,SE07,SE08,SE09,SE10,SE11,SE12,SE13
0,9,Marília,XIX,MARÍLIA,35091,ADAMANTINA,350010 Adamantina,0,0,0,0,0,0,0,0,0,0,0,0,0
1,15,São José do Rio Preto,XXIX,SÃO JOSÉ DO RIO PRETO,35156,JOSÉ BONIFÁCIO,350020 Adolfo,0,0,0,0,0,0,0,0,0,0,0,0,0
2,14,São João da Boa Vista,XXVI,SÃO JOÃO DA BOA VISTA,35142,MANTIQUEIRA,350030 Aguaí,0,0,0,0,0,0,0,0,0,0,0,0,0
3,14,São João da Boa Vista,XXVI,SÃO JOÃO DA BOA VISTA,35142,MANTIQUEIRA,350040 Águas da Prata,0,0,0,0,0,0,0,0,0,0,0,0,0
4,7,Campinas,XVII,CAMPINAS,35074,CIRCUITO DAS AGUAS,350050 Águas de Lindóia,0,0,0,0,0,0,0,0,0,0,0,0,0
5,6,Bauru,XVI,BOTUCATU,35061,VALE DO JURUMIRIM,350055 Águas de Santa Bárbara,0,0,0,0,0,0,0,0,0,0,0,0,0
6,10,Piracicaba,XX,PIRACICABA,35103,PIRACICABA,350060 Águas de São Pedro,0,0,0,0,0,0,0,0,0,0,0,0,0
7,6,Bauru,XV,BAURU,35062,BAURU,350070 Agudos,0,0,0,0,0,0,0,0,0,0,0,0,0
8,16,Sorocaba,XXXI,SOROCABA,35161,ITAPETININGA,350075 Alambari,0,0,0,0,0,0,0,0,0,0,0,0,0
9,11,Presidente Prudente,XXI,PRESIDENTE PRUDENTE,35112,ALTA SOROCABANA,350080 Alfredo Marcondes,0,0,0,0,0,0,0,0,0,0,0,0,0
10,5,Barretos,XIV,BARRETOS,35051,NORTE-BARRETOS,350090 Altair,0,0,0,0,0,0,0,0,0,0,0,0,0
11,13,Riberão Preto,XXIV,RIBEIRÃO PRETO,35133,VALE DAS CACHOEIRAS,350100 Altinópolis,0,0,0,0,0,0,0,0,0,0,0,0,0
12,2,Araçatuba,XI,ARAÇATUBA,35023,CONSÓRCIOS DO DRS II,350110 Alto Alegre,0,0,0,0,0,0,0,0,0,0,0,0,0
13,16,Sorocaba,XXXI,SOROCABA,35163,SOROCABA,350115 Alumínio,0,0,0,0,0,0,0,0,0,0,0,0,0
14,15,São José do Rio Preto,XXIX,SÃO JOSÉ DO RIO PRETO,35157,VOTUPORANGA,350120 Álvares Florence,0,0,0,0,0,0,0,0,0,0,0,0,0
15,11,Presidente Prudente,XXI,PRESIDENTE PRUDENTE,35112,ALTA SOROCABANA,350130 Álvares Machado,0,0,0,0,0,0,0,0,0,0,0,0,0
16,9,Marília,XIX,MARÍLIA,35093,MARÍLIA,350140 Álvaro de Carvalho,0,0,0,0,0,0,0,0,0,0,0,0,0
17,9,Marília,XIX,MARÍLIA,35093,MARÍLIA,350150 Alvinlândia,0,0,0,0,0,0,0,0,0,0,0,0,0
18,7,Campinas,XVII,CAMPINAS,35072,REG METRO CAMPINAS,350160 Americana,0,0,0,0,0,0,0,0,1,0,0,0,0
19,3,Araraquara,XII,ARARAQUARA,35031,CENTRAL DO DRS III,350170 Américo Brasiliense,0,0,0,0,0,0,0,0,0,0,0,0,0
20,15,São José do Rio Preto,XXIX,SÃO JOSÉ DO RIO PRETO,35157,VOTUPORANGA,350180 Américo de Campos,0,0,1,0,0,0,0,0,0,0,0,0,0
21,7,Campinas,XVII,CAMPINAS,35074,CIRCUITO DAS AGUAS,350190 Amparo,0,0,0,0,0,0,0,0,0,0,0,0,0
22,10,Piracicaba,XX,PIRACICABA,35104,RIO CLARO,350200 Analândia,0,0,0,0,0,0,0,0,0,0,0,0,0
23,2,Araçatuba,XI,ARAÇATUBA,35022,LAGOS DO DRS II,350210 Andradina,0,0,0,0,0,0,0,0,0,0,0,0,0
24,16,Sorocaba,XXXI,SOROCABA,35161,ITAPETININGA,350220 Angatuba,0,0,0,0,0,0,0,0,0,0,0,0,0
25,6,Bauru,XVI,BOTUCATU,35063,POLO CUESTA,350230 Anhembi,0,0,0,0,0,0,0,0,0,0,0,0,0
26,11,Presidente Prudente,XXI,PRESIDENTE PRUDENTE,35112,ALTA SOROCABANA,350240 Anhumas,0,0,0,0,0,0,0,0,0,0,0,0,0
27,17,Taubaté,XXXIII,TAUBATÉ,35172,CIRCUITO DA FÉ - VALE HISTÓRICO,350250 Aparecida,0,0,0,0,0,0,0,0,0,1,0,0,0
28,15,São José do Rio Preto,XXX,JALES,35153,JALES,350260 Aparecida d'Oeste,0,0,0,0,0,0,0,0,0,0,0,0,0
29,16,Sorocaba,XXXII,ITAPEVA,35162,ITAPEVA,350270 Apiaí,0,0,0,0,0,0,0,0,0,0,0,0,0
30,16,Sorocaba,XXXI,SOROCABA,35163,SOROCABA,350275 Araçariguama,0,0,0,0,0,0,0,0,0,0,0,0,0
31,2,Araçatuba,XI,ARAÇATUBA,35021,CENTRAL DO DRS II,350280 Araçatuba,0,0,0,0,0,0,0,0,0,0,0,0,0
32,16,Sorocaba,XXXI,SOROCABA,35163,SOROCABA,350290 Araçoiaba da Serra,0,0,0,0,0,0,0,0,0,0,0,0,0
33,8,Franca,XVIII,FRANCA,35083,ALTA MOGIANA,350300 Aramina,0,0,0,0,0,0,0,0,0,0,0,0,0
34,6,Bauru,XVI,BOTUCATU,35061,VALE DO JURUMIRIM,350310 Arandu,0,0,0,0,0,0,0,0,0,0,0,0,0
35,17,Taubaté,XXXIII,TAUBATÉ,35172,CIRCUITO DA FÉ - VALE HISTÓRICO,350315 Arapeí,0,0,0,0,0,0,0,0,0,0,0,0,0
36,3,Araraquara,XII,ARARAQUARA,35031,CENTRAL DO DRS III,350320 Araraquara,0,0,0,0,1,0,0,0,0,0,0,0,0
37,10,Piracicaba,XX,PIRACICABA,35101,ARARAS,350330 Araras,0,0,0,0,0,0,0,0,0,0,0,0,0
38,9,Marília,XIX,MARÍLIA,35095,TUPÃ,350335 Arco-Íris,0,0,0,0,0,0,0,0,0,0,0,0,0
39,6,Bauru,XV,BAURU,35062,BAURU,350340 Arealva,0,0,0,0,0,0,0,0,0,0,0,0,0
40,17,Taubaté,XXXIII,TAUBATÉ,35172,CIRCUITO DA FÉ - VALE HISTÓRICO,350350 Areias,0,0,0,0,0,0,0,0,0,0,0,0,0
41,6,Bauru,XVI,BOTUCATU,35063,POLO CUESTA,350360 Areiópolis,0,0,0,0,0,0,0,0,0,0,0,0,0
42,15,São José do Rio Preto,XXIX,SÃO JOSÉ DO RIO PRETO,35151,CATANDUVA,350370 Ariranha,0,0,0,0,0,0,0,0,0,0,0,0,0
43,7,Campinas,XVII,CAMPINAS,35072,REG METRO CAMPINAS,350380 Artur Nogueira,0,0,0,0,0,0,0,0,0,0,0,0,0
44,1,São Paulo,VIII,MOGI DAS CRUZES,35011,ALTO DO TIETÊ,350390 Arujá,0,0,0,0,0,0,0,0,0,0,0,0,0
45,15,São José do Rio Preto,XXX,JALES,35153,JALES,350395 Aspásia,0,0,0,0,0,0,0,0,0,0,0,0,0
46,9,Marília,XIII,ASSIS,35092,ASSIS,350400 Assis,0,0,0,0,0,0,0,0,0,0,0,0,0
47,7,Campinas,XVII,CAMPINAS,35071,BRAGANÇA,350410 Atibaia,0,0,0,0,0,0,0,0,0,0,0,0,0
48,2,Araçatuba,XI,ARAÇATUBA,35021,CENTRAL DO DRS II,350420 Auriflama,0,0,0,0,0,0,0,0,0,0,0,0,0
49,6,Bauru,XV,BAURU,35062,BAURU,350430 Avaí,0,0,0,0,0,0,0,0,0,0,0,0,0
50,2,Araçatuba,XI,ARAÇATUBA,35023,CONSÓRCIOS DO DRS II,350440 Avanhandava,0,0,0,0,0,0,0,0,0,0,0,0,0
51,6,Bauru,XVI,BOTUCATU,35061,VALE DO JURUMIRIM,350450 Avaré,0,0,0,0,0,0,0,0,0,0,0,0,0
52,15,São José do Rio Preto,XXIX,SÃO JOSÉ DO RIO PRETO,35155,SÃO JOSÉ DO RIO PRETO,350460 Bady Bassitt,0,0,0,0,0,0,0,0,0,0,0,0,0
53,6,Bauru,XV,BAURU,35062,BAURU,350470 Balbinos,0,0,0,0,0,0,0,0,0,0,0,0,0
54,15,São José do Rio Preto,XXIX,SÃO JOSÉ DO RIO PRETO,35155,SÃO JOSÉ DO RIO PRETO,350480 Bálsamo,0,0,0,0,0,0,0,0,0,0,0,0,0
55,17,Taubaté,XXXIII,TAUBATÉ,35172,CIRCUITO DA FÉ - VALE HISTÓRICO,350490 Bananal,0,0,0,0,0,0,0,0,0,0,0,0,0
56,6,Bauru,XVI,BOTUCATU,35061,VALE DO JURUMIRIM,350500 Barão de Antonina,0,0,0,0,0,0,0,0,0,0,0,0,0
57,2,Araçatuba,XI,ARAÇATUBA,35023,CONSÓRCIOS DO DRS II,350510 Barbosa,0,0,0,0,0,0,0,0,0,0,0,0,0
58,6,Bauru,XV,BAURU,35064,JAU,350520 Bariri,0,0,0,0,0,0,0,0,0,0,0,0,0
59,6,Bauru,XV,BAURU,35064,JAU,350530 Barra Bonita,0,0,0,0,0,0,0,0,0,0,0,0,0
60,16,Sorocaba,XXXII,ITAPEVA,35162,ITAPEVA,350535 Barra do Chapéu,0,0,0,0,0,0,0,0,0,0,0,0,0
61,12,Registro,XXIII,REGISTRO,35121,VALE DO RIBEIRA,350540 Barra do Turvo,0,0,0,0,0,0,0,0,0,0,0,0,0
62,5,Barretos,XIV,BARRETOS,35051,NORTE-BARRETOS,350550 Barretos,1,0,1,1,1,1,3,3,8,8,9,4,5
63,13,Riberão Preto,XXIV,RIBEIRÃO PRETO,35131,HORIZONTE VERDE,350560 Barrinha,0,0,0,0,0,0,0,0,0,0,0,0,0
64,1,São Paulo,X,OSASCO,35014,ROTA DOS BANDEIRANTES,350570 Barueri,0,0,0,0,0,0,0,0,0,0,0,0,0
65,9,Marília,XIX,MARÍLIA,35095,TUPÃ,350580 Bastos,0,0,0,0,0,0,0,0,0,0,0,0,0
66,13,Riberão Preto,XXIV,RIBEIRÃO PRETO,35133,VALE DAS CACHOEIRAS,350590 Batatais,0,0,0,0,0,0,0,0,0,0,0,0,0
67,6,Bauru,XV,BAURU,35062,BAURU,350600 Bauru,0,0,0,0,0,0,0,0,0,0,0,0,0
68,5,Barretos,XIV,BARRETOS,35052,SUL-BARRETOS,350610 Bebedouro,0,0,0,0,0,0,0,0,0,0,0,0,0
69,2,Araçatuba,XI,ARAÇATUBA,35021,CENTRAL DO DRS II,350620 Bento de Abreu,0,0,0,0,0,0,0,0,0,0,0,0,0
70,9,Marília,XIII,ASSIS,35094,OURINHOS,350630 Bernardino de Campos,0,0,0,0,0,0,0,0,0,0,0,0,0
71,4,Baixada Santista,XXV,SANTOS,35041,BAIXADA SANTISTA,350635 Bertioga,0,0,0,0,0,0,0,1,0,0,0,0,0
72,2,Araçatuba,XI,ARAÇATUBA,35021,CENTRAL DO DRS II,350640 Bilac,0,0,0,0,0,0,0,0,0,0,0,0,0
73,2,Araçatuba,XI,ARAÇATUBA,35023,CONSÓRCIOS DO DRS II,350650 Birigui,0,0,0,0,0,0,0,0,0,0,0,0,0
74,1,São Paulo,VIII,MOGI DAS CRUZES,35011,ALTO DO TIETÊ,350660 Biritiba-Mirim,0,0,0,0,0,0,0,0,0,0,0,0,0
75,3,Araraquara,XII,ARARAQUARA,35031,CENTRAL DO DRS III,350670 Boa Esperança do Sul,0,0,0,0,0,0,0,0,0,0,0,0,0
76,6,Bauru,XV,BAURU,35064,JAU,350680 Bocaina,0,0,0,0,0,0,0,0,0,0,0,0,0
77,6,Bauru,XVI,BOTUCATU,35063,POLO CUESTA,350690 Bofete,0,0,0,0,0,0,0,0,0,0,0,0,0
78,16,Sorocaba,XXXI,SOROCABA,35163,SOROCABA,350700 Boituva,0,0,0,0,0,0,0,0,0,0,0,0,0
79,7,Campinas,XVII,CAMPINAS,35071,BRAGANÇA,350710 Bom Jesus dos Perdões,0,0,0,0,0,0,0,0,0,0,0,0,0
80,16,Sorocaba,XXXII,ITAPEVA,35162,ITAPEVA,350715 Bom Sucesso de Itararé,0,0,0,0,0,0,0,0,0,0,0,0,0
81,9,Marília,XIII,ASSIS,35092,ASSIS,350720 Borá,0,0,0,0,0,0,0,0,0,0,0,0,0
82,6,Bauru,XV,BAURU,35064,JAU,350730 Boracéia,0,0,0,0,0,0,0,0,0,0,0,0,0
83,3,Araraquara,XII,ARARAQUARA,35032,CENTRO OESTE DO DRS III,350740 Borborema,0,0,0,0,0,0,0,0,0,0,0,0,0
84,6,Bauru,XV,BAURU,35062,BAURU,350745 Borebi,0,0,0,0,0,0,0,0,0,0,0,0,0
85,6,Bauru,XVI,BOTUCATU,35063,POLO CUESTA,350750 Botucatu,0,0,0,0,0,0,0,0,0,0,0,0,0
86,7,Campinas,XVII,CAMPINAS,35071,BRAGANÇA,350760 Bragança Paulista,0,0,0,0,0,0,0,0,0,0,0,0,0
87,2,Araçatuba,XI,ARAÇATUBA,35023,CONSÓRCIOS DO DRS II,350770 Braúna,0,0,0,0,0,0,0,0,1,0,0,0,0
88,2,Araçatuba,XI,ARAÇATUBA,35023,CONSÓRCIOS DO DRS II,350775 Brejo Alegre,0,0,0,0,0,0,0,0,0,0,0,0,0
89,13,Riberão Preto,XXIV,RIBEIRÃO PRETO,35133,VALE DAS CACHOEIRAS,350780 Brodósqui,0,0,0,0,0,0,0,0,0,0,0,0,0
90,6,Bauru,XV,BAURU,35064,JAU,350790 Brotas,0,0,0,0,0,0,0,0,0,0,0,0,0
91,16,Sorocaba,XXXII,ITAPEVA,35162,ITAPEVA,350800 Buri,0,0,0,0,0,0,0,0,0,0,0,0,0
92,2,Araçatuba,XI,ARAÇATUBA,35023,CONSÓRCIOS DO DRS II,350810 Buritama,0,0,0,0,0,0,0,0,0,0,0,0,0
93,8,Franca,XVIII,FRANCA,35083,ALTA MOGIANA,350820 Buritizal,0,0,0,0,0,0,0,0,0,0,0,0,0
94,6,Bauru,XV,BAURU,35062,BAURU,350830 Cabrália Paulista,0,0,0,0,0,0,0,0,0,0,0,0,0
95,7,Campinas,XVII,CAMPINAS,35073,JUNDIAÍ,350840 Cabreúva,0,0,0,0,0,0,0,0,0,0,0,0,0
96,17,Taubaté,XXVII,SÃO JOSÉ DOS CAMPOS,35171,ALTO VALE DO PARAÍBA,350850 Caçapava,0,0,0,0,0,0,0,0,0,0,0,0,0
97,17,Taubaté,XXXIII,TAUBATÉ,35172,CIRCUITO DA FÉ - VALE HISTÓRICO,350860 Cachoeira Paulista,0,0,0,0,0,0,0,0,0,0,0,0,0
98,14,São João da Boa Vista,XXVI,SÃO JOÃO DA BOA VISTA,35143,RIO PARDO,350870 Caconde,0,0,0,0,0,0,0,0,0,0,0,0,0
99,6,Bauru,XV,BAURU,35065,LINS,350880 Cafelândia,0,0,0,0,0,0,0,0,0,0,0,0,0
100,11,Presidente Prudente,XXI,PRESIDENTE PRUDENTE,35112,ALTA SOROCABANA,350890 Caiabu,0,0,0,0,0,0,0,0,0,0,0,0,0
101,1,São Paulo,IX,FRANCO DA ROCHA,35012,FRANCO DA ROCHA,350900 Caieiras,0,0,0,0,0,0,0,0,0,0,0,0,0
102,11,Presidente Prudente,XXII,PRESIDENTE VENCESLAU,35114,EXTREMO OESTE PAULISTA,350910 Caiuá,0,0,0,0,0,0,0,0,0,0,0,0,0
103,1,São Paulo,IX,FRANCO DA ROCHA,35012,FRANCO DA ROCHA,350920 Cajamar,0,0,0,0,0,0,0,0,0,0,0,0,0
104,12,Registro,XXIII,REGISTRO,35121,VALE DO RIBEIRA,350925 Cajati,0,0,0,0,0,1,0,0,0,0,0,0,0
105,5,Barretos,XIV,BARRETOS,35051,NORTE-BARRETOS,350930 Cajobi,0,0,0,0,0,0,0,0,0,0,0,0,0
106,13,Riberão Preto,XXIV,RIBEIRÃO PRETO,35133,VALE DAS CACHOEIRAS,350940 Cajuru,0,0,0,0,0,0,0,0,0,0,0,0,0
107,16,Sorocaba,XXXI,SOROCABA,35161,ITAPETININGA,350945 Campina do Monte Alegre,0,0,0,0,0,0,0,0,0,0,0,0,0
108,7,Campinas,XVII,CAMPINAS,35072,REG METRO CAMPINAS,350950 Campinas,0,0,0,0,0,0,1,0,0,0,0,0,0
109,7,Campinas,XVII,CAMPINAS,35073,JUNDIAÍ,350960 Campo Limpo Paulista,0,0,0,0,0,0,0,0,0,0,0,0,0
110,17,Taubaté,XXXIII,TAUBATÉ,35174,V. PARAÍBA-REG. SERRANA,350970 Campos do Jordão,0,0,0,0,0,0,0,0,0,0,0,0,0
111,9,Marília,XIX,MARÍLIA,35093,MARÍLIA,350980 Campos Novos Paulista,0,0,0,0,0,0,0,0,0,0,0,0,0
112,12,Registro,XXIII,REGISTRO,35121,VALE DO RIBEIRA,350990 Cananéia,0,0,0,0,0,0,1,0,0,0,0,0,0
113,17,Taubaté,XXXIII,TAUBATÉ,35172,CIRCUITO DA FÉ - VALE HISTÓRICO,350995 Canas,0,0,0,0,0,0,0,0,0,0,0,0,0
114,9,Marília,XIII,ASSIS,35092,ASSIS,351000 Cândido Mota,0,0,0,0,0,0,0,0,0,0,0,0,0
115,3,Araraquara,XII,ARARAQUARA,35033,NORTE DO DRS III,351010 Cândido Rodrigues,0,0,0,0,0,0,0,0,0,0,0,0,0
116,9,Marília,XIII,ASSIS,35094,OURINHOS,351015 Canitar,0,0,0,0,0,0,0,0,0,0,0,0,0
117,16,Sorocaba,XXXI,SOROCABA,35161,ITAPETININGA,351020 Capão Bonito,0,0,0,0,0,0,0,0,0,0,0,0,0
118,16,Sorocaba,XXXI,SOROCABA,35163,SOROCABA,351030 Capela do Alto,0,0,0,0,0,0,0,0,0,0,0,0,0
119,10,Piracicaba,XX,PIRACICABA,35103,PIRACICABA,351040 Capivari,0,0,0,0,0,0,0,0,0,0,0,0,0
120,17,Taubaté,XXVIII,CARAGUATATUBA,35173,LITORAL NORTE,351050 Caraguatatuba,0,0,0,0,0,0,0,0,0,0,0,0,0
121,1,São Paulo,X,OSASCO,35014,ROTA DOS BANDEIRANTES,351060 Carapicuíba,0,0,0,0,0,0,0,0,0,0,0,0,0
122,15,São José do Rio Preto,XXIX,SÃO JOSÉ DO RIO PRETO,35157,VOTUPORANGA,351070 Cardoso,0,0,0,0,0,0,0,0,0,0,0,0,0
123,14,São João da Boa Vista,XXVI,SÃO JOÃO DA BOA VISTA,35143,RIO PARDO,351080 Casa Branca,0,0,0,0,0,0,0,0,0,0,0,0,0
124,13,Riberão Preto,XXIV,RIBEIRÃO PRETO,35133,VALE DAS CACHOEIRAS,351090 Cássia dos Coqueiros,0,0,0,0,0,0,0,0,0,0,0,0,0
125,2,Araçatuba,XI,ARAÇATUBA,35022,LAGOS DO DRS II,351100 Castilho,0,0,0,0,0,0,0,0,0,0,0,0,0
126,15,São José do Rio Preto,XXIX,SÃO JOSÉ DO RIO PRETO,35151,CATANDUVA,351110 Catanduva,0,0,0,0,0,0,0,0,0,0,0,0,0
127,15,São José do Rio Preto,XXIX,SÃO JOSÉ DO RIO PRETO,35151,CATANDUVA,351120 Catiguá,0,0,0,0,0,0,0,0,0,0,0,0,0
128,15,São José do Rio Preto,XXIX,SÃO JOSÉ DO RIO PRETO,35155,SÃO JOSÉ DO RIO PRETO,351130 Cedral,0,0,0,0,0,0,0,0,0,0,0,0,0
129,6,Bauru,XVI,BOTUCATU,35061,VALE DO JURUMIRIM,351140 Cerqueira César,0,0,0,0,0,0,0,0,0,0,0,0,0
130,16,Sorocaba,XXXI,SOROCABA,35161,ITAPETININGA,351150 Cerquilho,0,0,0,0,0,0,0,0,0,0,0,0,0
131,16,Sorocaba,XXXI,SOROCABA,35161,ITAPETININGA,351160 Cesário Lange,0,0,0,0,0,0,0,0,0,0,0,0,0
132,10,Piracicaba,XX,PIRACICABA,35103,PIRACICABA,351170 Charqueada,0,0,0,0,0,0,0,0,0,0,0,0,0
133,2,Araçatuba,XI,ARAÇATUBA,35023,CONSÓRCIOS DO DRS II,351190 Clementina,0,0,0,0,0,0,0,0,0,0,0,0,0
134,5,Barretos,XIV,BARRETOS,35051,NORTE-BARRETOS,351200 Colina,0,0,0,0,0,0,1,0,1,0,0,0,0
135,5,Barretos,XIV,BARRETOS,35051,NORTE-BARRETOS,351210 Colômbia,0,0,0,0,0,0,0,0,0,0,0,0,0
136,10,Piracicaba,XX,PIRACICABA,35101,ARARAS,351220 Conchal,0,0,0,0,0,0,0,0,0,0,0,0,0
137,6,Bauru,XVI,BOTUCATU,35063,POLO CUESTA,351230 Conchas,0,0,0,0,0,0,0,0,0,0,0,0,0
138,10,Piracicaba,XX,PIRACICABA,35102,LIMEIRA,351240 Cordeirópolis,0,0,0,0,0,0,0,0,0,1,0,0,0
139,2,Araçatuba,XI,ARAÇATUBA,35023,CONSÓRCIOS DO DRS II,351250 Coroados,0,0,0,0,0,0,0,0,0,0,0,0,0
140,6,Bauru,XVI,BOTUCATU,35061,VALE DO JURUMIRIM,351260 Coronel Macedo,0,0,0,0,0,0,0,0,0,1,0,0,0
141,10,Piracicaba,XX,PIRACICABA,35104,RIO CLARO,351270 Corumbataí,0,0,0,0,1,0,0,0,0,0,0,0,0
142,7,Campinas,XVII,CAMPINAS,35072,REG METRO CAMPINAS,351280 Cosmópolis,0,0,0,0,0,0,0,0,0,0,0,0,0
143,15,São José do Rio Preto,XXIX,SÃO JOSÉ DO RIO PRETO,35157,VOTUPORANGA,351290 Cosmorama,0,0,0,0,0,0,0,0,0,0,0,0,0
144,1,São Paulo,X,OSASCO,35013,MANANCIAIS,351300 Cotia,0,0,0,0,0,0,0,0,1,0,0,0,0
145,13,Riberão Preto,XXIV,RIBEIRÃO PRETO,35132,AQUÍFERO GUARANI,351310 Cravinhos,0,0,0,0,0,0,0,0,0,0,0,0,0
146,8,Franca,XVIII,FRANCA,35081,TRÊS COLINAS,351320 Cristais Paulista,0,0,0,0,0,0,0,0,0,0,0,0,0
147,9,Marília,XIII,ASSIS,35092,ASSIS,351330 Cruzália,0,0,0,0,0,0,0,0,0,0,0,0,0
148,17,Taubaté,XXXIII,TAUBATÉ,35172,CIRCUITO DA FÉ - VALE HISTÓRICO,351340 Cruzeiro,0,0,0,0,0,0,0,0,0,0,0,0,0
149,4,Baixada Santista,XXV,SANTOS,35041,BAIXADA SANTISTA,351350 Cubatão,0,0,0,0,0,0,0,0,0,0,0,0,0
150,17,Taubaté,XXXIII,TAUBATÉ,35172,CIRCUITO DA FÉ - VALE HISTÓRICO,351360 Cunha,0,0,0,0,0,0,0,0,0,0,0,0,0
151,3,Araraquara,XII,ARARAQUARA,35034,CORAÇÃO DO DRS III,351370 Descalvado,0,0,0,0,0,0,0,0,0,0,0,0,0
152,1,São Paulo,VII,SANTO ANDRÉ,35015,GRANDE ABC,351380 Diadema,0,0,0,0,0,1,0,0,0,0,0,0,0
153,15,São José do Rio Preto,XXX,JALES,35153,JALES,351385 Dirce Reis,0,0,0,0,0,0,0,0,0,0,0,0,0
154,14,São João da Boa Vista,XXVI,SÃO JOÃO DA BOA VISTA,35143,RIO PARDO,351390 Divinolândia,0,0,0,0,0,0,0,0,0,0,0,0,0
155,3,Araraquara,XII,ARARAQUARA,35033,NORTE DO DRS III,351400 Dobrada,0,0,0,0,0,0,0,0,0,0,0,0,0
156,6,Bauru,XV,BAURU,35064,JAU,351410 Dois Córregos,0,0,0,0,0,0,0,0,0,0,0,0,0
157,15,São José do Rio Preto,XXX,JALES,35153,JALES,351420 Dolcinópolis,0,0,0,0,0,0,0,0,0,0,0,0,0
158,3,Araraquara,XII,ARARAQUARA,35034,CORAÇÃO DO DRS III,351430 Dourado,0,0,0,0,0,0,0,0,0,0,0,0,0
159,11,Presidente Prudente,XXII,PRESIDENTE VENCESLAU,35111,ALTA PAULISTA,351440 Dracena,0,0,0,0,0,0,0,0,0,0,0,0,0
160,6,Bauru,XV,BAURU,35062,BAURU,351450 Duartina,0,0,0,0,0,0,0,0,0,0,0,0,0
161,13,Riberão Preto,XXIV,RIBEIRÃO PRETO,35131,HORIZONTE VERDE,351460 Dumont,0,0,0,0,0,0,0,0,0,0,0,0,0
162,9,Marília,XIX,MARÍLIA,35093,MARÍLIA,351470 Echaporã,0,0,0,0,0,0,0,0,0,0,0,0,0
163,12,Registro,XXIII,REGISTRO,35121,VALE DO RIBEIRA,351480 Eldorado,0,0,0,0,0,0,0,0,0,0,0,0,0
164,10,Piracicaba,XX,PIRACICABA,35103,PIRACICABA,351490 Elias Fausto,0,0,0,0,0,0,0,0,0,0,0,0,0
165,15,São José do Rio Preto,XXIX,SÃO JOSÉ DO RIO PRETO,35151,CATANDUVA,351492 Elisiário,0,0,0,0,0,0,0,0,0,0,0,0,0
166,15,São José do Rio Preto,XXIX,SÃO JOSÉ DO RIO PRETO,35151,CATANDUVA,351495 Embaúba,0,0,0,0,0,0,0,0,0,0,0,0,0
167,1,São Paulo,X,OSASCO,35013,MANANCIAIS,351500 Embu,0,1,0,0,0,0,0,0,0,0,0,0,0
168,1,São Paulo,X,OSASCO,35013,MANANCIAIS,351510 Embu-Guaçu,0,0,0,0,0,0,0,0,0,0,0,0,0
169,11,Presidente Prudente,XXI,PRESIDENTE PRUDENTE,35112,ALTA SOROCABANA,351512 Emilianópolis,0,0,0,0,0,0,0,0,0,0,0,0,0
170,10,Piracicaba,XX,PIRACICABA,35102,LIMEIRA,351515 Engenheiro Coelho,0,0,0,0,0,0,0,0,0,0,0,0,0
171,14,São João da Boa Vista,XXVI,SÃO JOÃO DA BOA VISTA,35142,MANTIQUEIRA,351518 Espírito Santo do Pinhal,0,0,0,0,0,0,0,0,0,0,0,0,0
172,9,Marília,XIII,ASSIS,35094,OURINHOS,351519 Espírito Santo do Turvo,0,0,0,0,0,0,0,0,0,0,0,0,0
173,15,São José do Rio Preto,XXX,JALES,35154,FERNANDÓPOLIS,351520 Estrela d'Oeste,0,2,0,0,0,1,1,8,1,0,4,1,0
174,11,Presidente Prudente,XXI,PRESIDENTE PRUDENTE,35112,ALTA SOROCABANA,351530 Estrela do Norte,0,0,0,0,0,0,0,0,0,0,0,0,0
175,11,Presidente Prudente,XXII,PRESIDENTE VENCESLAU,35115,PONTAL DO PARANAPANEMA,351535 Euclides da Cunha Paulista,0,0,0,0,0,0,0,0,0,0,0,0,0
176,6,Bauru,XVI,BOTUCATU,35061,VALE DO JURUMIRIM,351540 Fartura,0,0,0,0,0,0,0,0,0,0,0,0,0
177,15,São José do Rio Preto,XXX,JALES,35154,FERNANDÓPOLIS,351550 Fernandópolis,0,0,0,0,0,0,0,1,0,0,0,0,0
178,15,São José do Rio Preto,XXIX,SÃO JOSÉ DO RIO PRETO,35151,CATANDUVA,351560 Fernando Prestes,0,0,0,0,0,0,0,0,0,0,0,0,0
179,9,Marília,XIX,MARÍLIA,35093,MARÍLIA,351565 Fernão,0,0,0,0,0,0,0,0,0,0,0,0,0
180,1,São Paulo,VIII,MOGI DAS CRUZES,35011,ALTO DO TIETÊ,351570 Ferraz de Vasconcelos,0,0,0,0,0,0,0,0,0,0,0,0,0
181,11,Presidente Prudente,XXII,PRESIDENTE VENCESLAU,35111,ALTA PAULISTA,351580 Flora Rica,0,0,0,0,0,0,0,0,0,0,0,0,0
182,15,São José do Rio Preto,XXIX,SÃO JOSÉ DO RIO PRETO,35157,VOTUPORANGA,351590 Floreal,0,0,0,0,0,0,0,0,0,0,0,0,0
183,9,Marília,XIX,MARÍLIA,35091,ADAMANTINA,351600 Flórida Paulista,0,0,0,0,0,0,0,0,0,0,0,0,0
184,9,Marília,XIII,ASSIS,35092,ASSIS,351610 Florínia,0,0,0,0,0,0,0,0,0,0,0,0,0
185,8,Franca,XVIII,FRANCA,35081,TRÊS COLINAS,351620 Franca,0,0,0,0,0,0,0,0,0,0,0,0,0
186,1,São Paulo,IX,FRANCO DA ROCHA,35012,FRANCO DA ROCHA,351630 Francisco Morato,0,0,0,0,0,0,0,0,0,0,0,0,0
187,1,São Paulo,IX,FRANCO DA ROCHA,35012,FRANCO DA ROCHA,351640 Franco da Rocha,1,0,0,0,0,0,0,0,0,0,0,0,0
188,2,Araçatuba,XI,ARAÇATUBA,35023,CONSÓRCIOS DO DRS II,351650 Gabriel Monteiro,0,0,0,0,0,0,0,0,0,0,0,0,0
189,9,Marília,XIX,MARÍLIA,35093,MARÍLIA,351660 Gália,0,0,0,0,0,0,0,0,0,0,0,0,0
190,9,Marília,XIX,MARÍLIA,35093,MARÍLIA,351670 Garça,0,0,0,0,0,0,0,0,0,0,0,0,0
191,15,São José do Rio Preto,XXIX,SÃO JOSÉ DO RIO PRETO,35157,VOTUPORANGA,351680 Gastão Vidigal,0,0,0,0,0,0,0,0,0,0,0,0,0
192,3,Araraquara,XII,ARARAQUARA,35031,CENTRAL DO DRS III,351685 Gavião Peixoto,0,0,0,0,0,0,0,0,0,0,0,0,0
193,15,São José do Rio Preto,XXIX,SÃO JOSÉ DO RIO PRETO,35157,VOTUPORANGA,351690 General Salgado,0,0,0,0,0,0,0,0,0,0,0,0,0
194,6,Bauru,XV,BAURU,35065,LINS,351700 Getulina,0,0,0,0,0,0,0,0,0,0,0,0,0
195,2,Araçatuba,XI,ARAÇATUBA,35023,CONSÓRCIOS DO DRS II,351710 Glicério,0,0,0,0,0,0,0,0,0,0,0,0,0
196,6,Bauru,XV,BAURU,35065,LINS,351720 Guaiçara,0,0,0,0,0,0,0,0,0,0,0,0,0
197,9,Marília,XIX,MARÍLIA,35093,MARÍLIA,351730 Guaimbê,0,0,0,0,0,0,0,0,0,0,0,0,0
198,5,Barretos,XIV,BARRETOS,35051,NORTE-BARRETOS,351740 Guaíra,0,0,0,0,0,0,0,0,0,0,0,0,0
199,15,São José do Rio Preto,XXIX,SÃO JOSÉ DO RIO PRETO,35155,SÃO JOSÉ DO RIO PRETO,351750 Guapiaçu,0,0,0,0,0,0,0,0,0,0,0,0,0
200,16,Sorocaba,XXXII,ITAPEVA,35162,ITAPEVA,351760 Guapiara,0,0,0,0,0,0,0,0,0,0,0,0,0
201,8,Franca,XVIII,FRANCA,35083,ALTA MOGIANA,351770 Guará,0,0,0,0,0,0,0,0,0,0,0,0,0
202,2,Araçatuba,XI,ARAÇATUBA,35022,LAGOS DO DRS II,351780 Guaraçaí,0,0,0,0,0,0,0,0,0,0,0,0,0
203,5,Barretos,XIV,BARRETOS,35051,NORTE-BARRETOS,351790 Guaraci,0,0,0,0,0,0,0,0,0,0,0,0,0
204,15,São José do Rio Preto,XXX,JALES,35154,FERNANDÓPOLIS,351800 Guarani d'Oeste,0,0,0,0,0,0,0,0,0,0,0,0,0
205,9,Marília,XIX,MARÍLIA,35093,MARÍLIA,351810 Guarantã,0,0,0,0,0,0,0,0,0,0,0,0,0
206,2,Araçatuba,XI,ARAÇATUBA,35021,CENTRAL DO DRS II,351820 Guararapes,0,0,0,0,0,0,0,0,0,0,0,0,0
207,1,São Paulo,VIII,MOGI DAS CRUZES,35011,ALTO DO TIETÊ,351830 Guararema,0,0,0,0,0,0,0,0,0,0,0,0,0
208,17,Taubaté,XXXIII,TAUBATÉ,35172,CIRCUITO DA FÉ - VALE HISTÓRICO,351840 Guaratinguetá,0,0,0,0,0,0,0,0,0,0,0,0,0
209,16,Sorocaba,XXXI,SOROCABA,35161,ITAPETININGA,351850 Guareí,0,0,0,0,0,0,0,0,0,0,0,0,0
210,13,Riberão Preto,XXIV,RIBEIRÃO PRETO,35131,HORIZONTE VERDE,351860 Guariba,0,0,0,0,0,0,0,0,0,0,0,0,0
211,4,Baixada Santista,XXV,SANTOS,35041,BAIXADA SANTISTA,351870 Guarujá,2,1,1,0,0,1,2,1,5,1,1,1,0
212,1,São Paulo,VIII,MOGI DAS CRUZES,35011,ALTO DO TIETÊ,351880 Guarulhos,1,1,0,1,1,0,0,1,0,0,0,0,0
213,13,Riberão Preto,XXIV,RIBEIRÃO PRETO,35132,AQUÍFERO GUARANI,351885 Guatapará,0,0,0,0,0,0,0,0,0,0,0,0,0
214,2,Araçatuba,XI,ARAÇATUBA,35021,CENTRAL DO DRS II,351890 Guzolândia,0,0,0,0,0,0,0,0,0,0,0,0,0
215,9,Marília,XIX,MARÍLIA,35095,TUPÃ,351900 Herculândia,0,0,0,0,0,0,0,0,0,0,0,0,0
216,7,Campinas,XVII,CAMPINAS,35072,REG METRO CAMPINAS,351905 Holambra,0,0,0,0,0,0,0,0,0,0,0,0,0
217,7,Campinas,XVII,CAMPINAS,35072,REG METRO CAMPINAS,351907 Hortolândia,0,0,0,0,0,0,0,0,0,0,0,0,0
218,6,Bauru,XV,BAURU,35062,BAURU,351910 Iacanga,0,0,0,0,0,0,0,0,0,0,0,0,0
219,9,Marília,XIX,MARÍLIA,35095,TUPÃ,351920 Iacri,0,0,0,0,0,0,0,0,0,0,0,0,0
220,6,Bauru,XVI,BOTUCATU,35061,VALE DO JURUMIRIM,351925 Iaras,0,0,0,0,0,0,0,0,0,0,0,0,0
221,3,Araraquara,XII,ARARAQUARA,35034,CORAÇÃO DO DRS III,351930 Ibaté,0,0,0,0,0,0,0,0,0,0,0,0,0
222,15,São José do Rio Preto,XXIX,SÃO JOSÉ DO RIO PRETO,35155,SÃO JOSÉ DO RIO PRETO,351940 Ibirá,0,0,0,0,0,0,0,0,0,0,0,0,0
223,9,Marília,XIII,ASSIS,35094,OURINHOS,351950 Ibirarema,0,0,0,0,0,0,0,0,0,0,0,0,0
224,3,Araraquara,XII,ARARAQUARA,35032,CENTRO OESTE DO DRS III,351960 Ibitinga,0,0,0,0,0,0,0,0,0,0,0,0,0
225,16,Sorocaba,XXXI,SOROCABA,35163,SOROCABA,351970 Ibiúna,0,0,0,0,0,0,0,0,0,0,0,0,0
226,15,São José do Rio Preto,XXIX,SÃO JOSÉ DO RIO PRETO,35155,SÃO JOSÉ DO RIO PRETO,351980 Icém,0,0,0,0,0,0,0,0,0,0,0,0,0
227,11,Presidente Prudente,XXI,PRESIDENTE PRUDENTE,35113,ALTO CAPIVARI,351990 Iepê,0,0,0,0,0,0,0,0,0,0,0,0,0
228,6,Bauru,XV,BAURU,35064,JAU,352000 Igaraçu do Tietê,0,0,0,0,0,0,0,0,0,0,0,0,0
229,8,Franca,XVIII,FRANCA,35083,ALTA MOGIANA,352010 Igarapava,0,0,1,0,1,0,0,0,0,0,0,0,0
230,17,Taubaté,XXVII,SÃO JOSÉ DOS CAMPOS,35171,ALTO VALE DO PARAÍBA,352020 Igaratá,0,0,0,0,0,0,0,0,0,0,0,0,0
231,12,Registro,XXIII,REGISTRO,35121,VALE DO RIBEIRA,352030 Iguape,0,0,0,0,0,0,0,0,0,0,0,0,0
232,17,Taubaté,XXVIII,CARAGUATATUBA,35173,LITORAL NORTE,352040 Ilhabela,0,0,0,0,0,0,0,0,0,0,0,0,0
233,12,Registro,XXIII,REGISTRO,35121,VALE DO RIBEIRA,352042 Ilha Comprida,0,0,0,0,0,0,0,0,0,0,0,0,0
234,2,Araçatuba,XI,ARAÇATUBA,35022,LAGOS DO DRS II,352044 Ilha Solteira,0,0,0,0,0,0,0,0,0,0,0,0,0
235,7,Campinas,XVII,CAMPINAS,35072,REG METRO CAMPINAS,352050 Indaiatuba,0,0,0,0,0,0,0,0,0,0,0,0,0
236,11,Presidente Prudente,XXI,PRESIDENTE PRUDENTE,35112,ALTA SOROCABANA,352060 Indiana,0,0,0,0,0,0,0,0,0,0,0,0,0
237,15,São José do Rio Preto,XXX,JALES,35154,FERNANDÓPOLIS,352070 Indiaporã,0,0,0,0,0,0,0,0,0,0,0,0,0
238,9,Marília,XIX,MARÍLIA,35091,ADAMANTINA,352080 Inúbia Paulista,0,0,0,0,0,0,0,0,0,0,0,0,0
239,9,Marília,XIII,ASSIS,35094,OURINHOS,352090 Ipauçu,0,0,0,0,0,0,0,0,0,0,0,0,0
240,16,Sorocaba,XXXI,SOROCABA,35163,SOROCABA,352100 Iperó,0,0,0,0,0,0,0,0,0,0,0,0,0
241,10,Piracicaba,XX,PIRACICABA,35104,RIO CLARO,352110 Ipeúna,0,0,0,0,0,0,0,0,0,0,0,0,0
242,15,São José do Rio Preto,XXIX,SÃO JOSÉ DO RIO PRETO,35155,SÃO JOSÉ DO RIO PRETO,352115 Ipiguá,0,0,0,0,0,0,0,0,0,0,0,0,0
243,12,Registro,XXIII,REGISTRO,35121,VALE DO RIBEIRA,352120 Iporanga,0,0,0,0,0,0,0,0,0,0,0,0,0
244,8,Franca,XVIII,FRANCA,35082,ALTA ANHANGUERA,352130 Ipuã,0,0,0,0,0,0,0,0,0,0,0,0,0
245,10,Piracicaba,XX,PIRACICABA,35102,LIMEIRA,352140 Iracemápolis,0,0,0,0,0,0,0,0,0,0,0,0,0
246,15,São José do Rio Preto,XXIX,SÃO JOSÉ DO RIO PRETO,35151,CATANDUVA,352150 Irapuã,0,0,0,0,0,0,0,0,0,0,0,0,0
247,11,Presidente Prudente,XXII,PRESIDENTE VENCESLAU,35111,ALTA PAULISTA,352160 Irapuru,0,0,0,0,0,0,0,0,0,0,0,0,0
248,16,Sorocaba,XXXII,ITAPEVA,35162,ITAPEVA,352170 Itaberá,0,0,0,0,0,0,0,0,0,0,0,0,0
249,6,Bauru,XVI,BOTUCATU,35061,VALE DO JURUMIRIM,352180 Itaí,0,0,0,0,0,0,0,0,0,0,0,0,0
250,15,São José do Rio Preto,XXIX,SÃO JOSÉ DO RIO PRETO,35151,CATANDUVA,352190 Itajobi,0,0,0,0,0,0,0,0,0,0,0,0,0
251,6,Bauru,XV,BAURU,35064,JAU,352200 Itaju,0,0,0,0,0,0,0,0,0,0,0,0,0
252,4,Baixada Santista,XXV,SANTOS,35041,BAIXADA SANTISTA,352210 Itanhaém,0,1,0,0,0,0,0,0,0,0,0,0,0
253,16,Sorocaba,XXXII,ITAPEVA,35162,ITAPEVA,352215 Itaóca,0,0,0,0,0,0,0,0,0,0,0,0,0
254,1,São Paulo,X,OSASCO,35013,MANANCIAIS,352220 Itapecerica da Serra,0,0,0,0,0,0,0,0,0,0,0,0,0
255,16,Sorocaba,XXXI,SOROCABA,35161,ITAPETININGA,352230 Itapetininga,0,0,0,0,0,0,0,0,0,0,0,0,0
256,16,Sorocaba,XXXII,ITAPEVA,35162,ITAPEVA,352240 Itapeva,0,0,0,0,0,0,0,0,0,0,0,0,0
257,1,São Paulo,X,OSASCO,35014,ROTA DOS BANDEIRANTES,352250 Itapevi,0,0,0,0,0,0,0,0,0,0,0,0,0
258,14,São João da Boa Vista,XXVI,SÃO JOÃO DA BOA VISTA,35141,BAIXA MOGIANA,352260 Itapira,0,0,0,0,0,0,0,0,0,0,0,0,0
259,16,Sorocaba,XXXII,ITAPEVA,35162,ITAPEVA,352265 Itapirapuã Paulista,0,0,0,0,0,0,0,0,0,0,0,0,0
260,3,Araraquara,XII,ARARAQUARA,35032,CENTRO OESTE DO DRS III,352270 Itápolis,0,0,0,0,0,0,0,0,0,0,0,0,0
261,6,Bauru,XVI,BOTUCATU,35061,VALE DO JURUMIRIM,352280 Itaporanga,0,0,0,0,0,0,0,0,0,0,0,0,0
262,6,Bauru,XV,BAURU,35064,JAU,352290 Itapuí,0,0,0,0,0,0,0,0,0,0,0,0,0
263,2,Araçatuba,XI,ARAÇATUBA,35022,LAGOS DO DRS II,352300 Itapura,0,0,0,0,0,0,0,0,0,0,0,0,0
264,1,São Paulo,VIII,MOGI DAS CRUZES,35011,ALTO DO TIETÊ,352310 Itaquaquecetuba,0,0,0,0,0,0,0,0,0,0,0,0,0
265,16,Sorocaba,XXXII,ITAPEVA,35162,ITAPEVA,352320 Itararé,0,0,0,0,0,0,0,0,0,0,0,0,0
266,12,Registro,XXIII,REGISTRO,35121,VALE DO RIBEIRA,352330 Itariri,0,0,0,0,0,0,0,0,0,0,0,0,0
267,7,Campinas,XVII,CAMPINAS,35072,REG METRO CAMPINAS,352340 Itatiba,0,0,0,0,0,0,0,0,0,0,0,1,0
268,6,Bauru,XVI,BOTUCATU,35063,POLO CUESTA,352350 Itatinga,0,0,0,0,0,0,0,0,0,0,0,0,0
269,10,Piracicaba,XX,PIRACICABA,35104,RIO CLARO,352360 Itirapina,0,0,0,0,0,0,0,0,0,0,0,0,0
270,8,Franca,XVIII,FRANCA,35081,TRÊS COLINAS,352370 Itirapuã,0,0,0,0,0,0,0,0,0,0,0,0,0
271,14,São João da Boa Vista,XXVI,SÃO JOÃO DA BOA VISTA,35143,RIO PARDO,352380 Itobi,0,0,0,0,0,0,0,0,0,0,0,0,0
272,16,Sorocaba,XXXI,SOROCABA,35163,SOROCABA,352390 Itu,0,0,0,0,0,0,0,0,0,0,0,0,0
273,7,Campinas,XVII,CAMPINAS,35073,JUNDIAÍ,352400 Itupeva,0,0,0,0,0,0,0,0,0,0,0,0,0
274,8,Franca,XVIII,FRANCA,35083,ALTA MOGIANA,352410 Ituverava,0,0,0,0,0,0,0,0,0,0,0,0,0
275,5,Barretos,XIV,BARRETOS,35051,NORTE-BARRETOS,352420 Jaborandi,0,0,0,0,0,0,0,0,0,0,0,0,0
276,13,Riberão Preto,XXIV,RIBEIRÃO PRETO,35131,HORIZONTE VERDE,352430 Jaboticabal,0,0,0,0,0,0,0,0,0,0,0,0,0
277,17,Taubaté,XXVII,SÃO JOSÉ DOS CAMPOS,35171,ALTO VALE DO PARAÍBA,352440 Jacareí,0,0,0,0,0,0,0,0,0,0,0,0,0
278,15,São José do Rio Preto,XXIX,SÃO JOSÉ DO RIO PRETO,35156,JOSÉ BONIFÁCIO,352450 Jaci,0,0,0,0,0,0,0,0,0,0,0,0,0
279,12,Registro,XXIII,REGISTRO,35121,VALE DO RIBEIRA,352460 Jacupiranga,0,0,0,0,0,0,0,0,0,0,0,0,0
280,7,Campinas,XVII,CAMPINAS,35072,REG METRO CAMPINAS,352470 Jaguariúna,0,0,0,0,0,0,0,0,0,0,0,0,0
281,15,São José do Rio Preto,XXX,JALES,35153,JALES,352480 Jales,0,0,0,0,0,0,0,0,0,0,0,0,1
282,17,Taubaté,XXVII,SÃO JOSÉ DOS CAMPOS,35171,ALTO VALE DO PARAÍBA,352490 Jambeiro,0,0,0,0,0,0,0,0,0,0,0,0,0
283,1,São Paulo,X,OSASCO,35014,ROTA DOS BANDEIRANTES,352500 Jandira,0,0,0,1,0,0,0,0,2,1,0,0,0
284,13,Riberão Preto,XXIV,RIBEIRÃO PRETO,35132,AQUÍFERO GUARANI,352510 Jardinópolis,0,0,0,0,0,0,0,0,0,0,0,0,0
285,7,Campinas,XVII,CAMPINAS,35073,JUNDIAÍ,352520 Jarinu,0,0,0,0,0,0,0,0,0,0,0,0,0
286,6,Bauru,XV,BAURU,35064,JAU,352530 Jaú,0,0,0,0,0,0,0,0,0,0,0,0,0
287,8,Franca,XVIII,FRANCA,35081,TRÊS COLINAS,352540 Jeriquara,0,0,0,0,0,0,0,0,0,0,0,0,0
288,7,Campinas,XVII,CAMPINAS,35071,BRAGANÇA,352550 Joanópolis,0,0,0,0,0,0,0,0,0,0,0,0,0
289,11,Presidente Prudente,XXI,PRESIDENTE PRUDENTE,35113,ALTO CAPIVARI,352560 João Ramalho,0,0,0,0,0,0,0,0,0,0,0,0,0
290,15,São José do Rio Preto,XXIX,SÃO JOSÉ DO RIO PRETO,35156,JOSÉ BONIFÁCIO,352570 José Bonifácio,0,0,0,0,0,0,0,0,0,0,0,0,0
291,9,Marília,XIX,MARÍLIA,35093,MARÍLIA,352580 Júlio Mesquita,0,0,0,0,0,0,0,0,0,0,0,0,0
292,16,Sorocaba,XXXI,SOROCABA,35163,SOROCABA,352585 Jumirim,0,0,0,0,0,0,0,0,0,0,0,0,0
293,7,Campinas,XVII,CAMPINAS,35073,JUNDIAÍ,352590 Jundiaí,0,0,0,0,0,0,0,0,0,0,0,0,0
294,11,Presidente Prudente,XXII,PRESIDENTE VENCESLAU,35111,ALTA PAULISTA,352600 Junqueirópolis,0,0,0,0,0,0,0,0,0,0,0,0,0
295,12,Registro,XXIII,REGISTRO,35121,VALE DO RIBEIRA,352610 Juquiá,0,0,0,0,0,0,0,0,0,0,0,0,0
296,1,São Paulo,X,OSASCO,35013,MANANCIAIS,352620 Juquitiba,0,0,0,0,0,0,0,0,0,0,0,0,0
297,17,Taubaté,XXXIII,TAUBATÉ,35174,V. PARAÍBA-REG. SERRANA,352630 Lagoinha,0,0,0,0,0,0,0,0,0,0,0,0,0
298,6,Bauru,XVI,BOTUCATU,35063,POLO CUESTA,352640 Laranjal Paulista,0,0,0,0,0,0,0,0,0,0,0,0,0
299,2,Araçatuba,XI,ARAÇATUBA,35022,LAGOS DO DRS II,352650 Lavínia,0,0,0,0,0,0,0,0,0,0,0,0,0
300,17,Taubaté,XXXIII,TAUBATÉ,35172,CIRCUITO DA FÉ - VALE HISTÓRICO,352660 Lavrinhas,0,0,0,0,0,0,0,0,0,0,0,0,0
301,10,Piracicaba,XX,PIRACICABA,35101,ARARAS,352670 Leme,0,0,0,0,0,0,0,0,0,0,0,0,0
302,6,Bauru,XV,BAURU,35062,BAURU,352680 Lençóis Paulista,0,0,0,0,0,0,0,0,0,0,0,0,0
303,10,Piracicaba,XX,PIRACICABA,35102,LIMEIRA,352690 Limeira,0,0,0,0,0,0,0,1,0,0,0,0,0
304,7,Campinas,XVII,CAMPINAS,35074,CIRCUITO DAS AGUAS,352700 Lindóia,0,0,0,0,0,0,0,0,0,0,0,0,0
305,6,Bauru,XV,BAURU,35065,LINS,352710 Lins,0,0,0,0,0,0,0,0,0,0,0,0,0
306,17,Taubaté,XXXIII,TAUBATÉ,35172,CIRCUITO DA FÉ - VALE HISTÓRICO,352720 Lorena,0,0,0,0,0,0,0,0,0,0,0,0,0
307,2,Araçatuba,XI,ARAÇATUBA,35023,CONSÓRCIOS DO DRS II,352725 Lourdes,0,0,0,0,0,0,0,0,0,0,0,0,0
308,7,Campinas,XVII,CAMPINAS,35073,JUNDIAÍ,352730 Louveira,0,0,0,0,0,0,0,0,0,0,0,0,0
309,9,Marília,XIX,MARÍLIA,35091,ADAMANTINA,352740 Lucélia,0,0,0,0,0,0,0,0,0,0,0,0,0
310,6,Bauru,XV,BAURU,35062,BAURU,352750 Lucianópolis,0,0,0,0,0,0,0,0,0,0,0,0,0
311,13,Riberão Preto,XXIV,RIBEIRÃO PRETO,35132,AQUÍFERO GUARANI,352760 Luís Antônio,0,0,0,0,0,0,0,0,0,0,0,0,0
312,2,Araçatuba,XI,ARAÇATUBA,35023,CONSÓRCIOS DO DRS II,352770 Luiziânia,0,0,0,0,0,0,0,0,0,0,0,0,0
313,9,Marília,XIX,MARÍLIA,35093,MARÍLIA,352780 Lupércio,0,0,0,0,0,0,0,0,0,0,0,0,0
314,9,Marília,XIII,ASSIS,35092,ASSIS,352790 Lutécia,0,0,0,0,0,0,0,0,0,0,0,0,0
315,6,Bauru,XV,BAURU,35062,BAURU,352800 Macatuba,0,0,0,0,0,0,0,0,0,0,0,0,0
316,15,São José do Rio Preto,XXIX,SÃO JOSÉ DO RIO PRETO,35157,VOTUPORANGA,352810 Macaubal,0,0,0,0,0,0,0,0,0,0,0,0,0
317,15,São José do Rio Preto,XXX,JALES,35154,FERNANDÓPOLIS,352820 Macedônia,0,0,0,0,0,0,0,0,0,0,0,0,0
318,15,São José do Rio Preto,XXIX,SÃO JOSÉ DO RIO PRETO,35157,VOTUPORANGA,352830 Magda,0,0,0,0,0,0,0,0,0,0,0,0,0
319,16,Sorocaba,XXXI,SOROCABA,35163,SOROCABA,352840 Mairinque,0,0,0,0,0,0,0,0,0,0,0,0,0
320,1,São Paulo,IX,FRANCO DA ROCHA,35012,FRANCO DA ROCHA,352850 Mairiporã,0,0,0,0,0,0,0,0,0,0,0,0,0
321,6,Bauru,XVI,BOTUCATU,35061,VALE DO JURUMIRIM,352860 Manduri,0,0,0,0,0,0,0,0,0,0,0,0,0
322,11,Presidente Prudente,XXII,PRESIDENTE VENCESLAU,35114,EXTREMO OESTE PAULISTA,352870 Marabá Paulista,0,0,0,0,0,0,0,0,0,0,0,0,0
323,9,Marília,XIII,ASSIS,35092,ASSIS,352880 Maracaí,0,0,0,0,0,0,0,0,0,0,0,0,0
324,15,São José do Rio Preto,XXIX,SÃO JOSÉ DO RIO PRETO,35151,CATANDUVA,352885 Marapoama,0,0,0,0,0,0,0,0,0,0,0,0,0
325,9,Marília,XIX,MARÍLIA,35091,ADAMANTINA,352890 Mariápolis,0,0,0,0,0,0,0,0,0,0,0,0,0
326,9,Marília,XIX,MARÍLIA,35093,MARÍLIA,352900 Marília,0,0,0,1,0,0,0,0,0,0,0,0,0
327,15,São José do Rio Preto,XXX,JALES,35153,JALES,352910 Marinópolis,0,0,0,0,0,0,0,0,0,0,0,0,0
328,11,Presidente Prudente,XXI,PRESIDENTE PRUDENTE,35112,ALTA SOROCABANA,352920 Martinópolis,0,0,0,0,0,0,0,0,0,0,0,0,0
329,3,Araraquara,XII,ARARAQUARA,35033,NORTE DO DRS III,352930 Matão,0,0,0,0,0,0,0,0,0,0,0,0,0
330,1,São Paulo,VII,SANTO ANDRÉ,35015,GRANDE ABC,352940 Mauá,0,0,0,0,0,0,0,0,0,0,0,0,0
331,15,São José do Rio Preto,XXIX,SÃO JOSÉ DO RIO PRETO,35156,JOSÉ BONIFÁCIO,352950 Mendonça,0,0,0,0,0,0,0,0,0,0,0,0,0
332,15,São José do Rio Preto,XXX,JALES,35154,FERNANDÓPOLIS,352960 Meridiano,0,0,0,0,0,0,0,0,0,0,0,0,0
333,15,São José do Rio Preto,XXX,JALES,35153,JALES,352965 Mesópolis,0,0,0,0,0,0,0,0,0,0,0,0,0
334,8,Franca,XVIII,FRANCA,35083,ALTA MOGIANA,352970 Miguelópolis,0,0,0,0,0,0,0,0,0,0,0,0,0
335,6,Bauru,XV,BAURU,35064,JAU,352980 Mineiros do Tietê,0,0,0,0,0,0,0,0,0,0,0,0,0
336,12,Registro,XXIII,REGISTRO,35121,VALE DO RIBEIRA,352990 Miracatu,0,0,0,0,0,0,0,0,0,0,0,0,0
337,15,São José do Rio Preto,XXX,JALES,35154,FERNANDÓPOLIS,353000 Mira Estrela,0,0,0,0,0,0,0,0,0,0,0,0,0
338,2,Araçatuba,XI,ARAÇATUBA,35022,LAGOS DO DRS II,353010 Mirandópolis,0,0,0,0,0,0,0,0,0,0,0,0,0
339,11,Presidente Prudente,XXII,PRESIDENTE VENCESLAU,35115,PONTAL DO PARANAPANEMA,353020 Mirante do Paranapanema,0,0,0,0,0,0,0,0,0,0,0,0,0
340,15,São José do Rio Preto,XXIX,SÃO JOSÉ DO RIO PRETO,35155,SÃO JOSÉ DO RIO PRETO,353030 Mirassol,0,0,0,0,0,0,0,0,0,0,0,0,0
341,15,São José do Rio Preto,XXIX,SÃO JOSÉ DO RIO PRETO,35155,SÃO JOSÉ DO RIO PRETO,353040 Mirassolândia,0,0,0,0,0,0,0,0,0,0,0,0,0
342,14,São João da Boa Vista,XXVI,SÃO JOÃO DA BOA VISTA,35143,RIO PARDO,353050 Mococa,0,0,0,0,0,0,0,0,0,0,0,0,0
343,1,São Paulo,VIII,MOGI DAS CRUZES,35011,ALTO DO TIETÊ,353060 Moji das Cruzes,0,0,0,0,0,0,0,0,0,0,0,0,0
344,14,São João da Boa Vista,XXVI,SÃO JOÃO DA BOA VISTA,35141,BAIXA MOGIANA,353070 Moji-Guaçu,0,0,0,0,0,0,0,0,0,0,0,0,0
345,14,São João da Boa Vista,XXVI,SÃO JOÃO DA BOA VISTA,35141,BAIXA MOGIANA,353080 Moji-Mirim,0,0,0,0,0,0,0,0,0,0,0,0,0
346,10,Piracicaba,XX,PIRACICABA,35103,PIRACICABA,353090 Mombuca,0,0,0,0,0,0,0,0,0,0,0,0,0
347,15,São José do Rio Preto,XXIX,SÃO JOSÉ DO RIO PRETO,35157,VOTUPORANGA,353100 Monções,0,0,0,0,0,0,0,0,0,0,0,0,0
348,4,Baixada Santista,XXV,SANTOS,35041,BAIXADA SANTISTA,353110 Mongaguá,0,0,0,0,0,0,0,0,0,0,1,0,0
349,7,Campinas,XVII,CAMPINAS,35074,CIRCUITO DAS AGUAS,353120 Monte Alegre do Sul,0,0,0,0,0,0,0,0,0,0,0,0,0
350,13,Riberão Preto,XXIV,RIBEIRÃO PRETO,35131,HORIZONTE VERDE,353130 Monte Alto,0,0,0,0,0,0,0,0,0,0,0,0,0
351,15,São José do Rio Preto,XXIX,SÃO JOSÉ DO RIO PRETO,35156,JOSÉ BONIFÁCIO,353140 Monte Aprazível,0,0,0,0,0,0,0,0,0,0,1,0,0
352,5,Barretos,XIV,BARRETOS,35052,SUL-BARRETOS,353150 Monte Azul Paulista,0,0,0,0,0,0,0,0,0,0,0,0,0
353,11,Presidente Prudente,XXII,PRESIDENTE VENCESLAU,35111,ALTA PAULISTA,353160 Monte Castelo,0,0,0,0,0,0,0,0,0,0,0,0,0
354,17,Taubaté,XXVII,SÃO JOSÉ DOS CAMPOS,35171,ALTO VALE DO PARAÍBA,353170 Monteiro Lobato,0,0,0,0,0,0,0,0,0,0,0,0,0
355,7,Campinas,XVII,CAMPINAS,35072,REG METRO CAMPINAS,353180 Monte Mor,0,0,0,0,0,0,0,0,0,0,0,0,0
356,8,Franca,XVIII,FRANCA,35082,ALTA ANHANGUERA,353190 Morro Agudo,0,0,0,0,0,0,0,0,0,0,0,0,0
357,7,Campinas,XVII,CAMPINAS,35072,REG METRO CAMPINAS,353200 Morungaba,0,0,0,0,0,0,0,0,0,0,0,0,0
358,3,Araraquara,XII,ARARAQUARA,35031,CENTRAL DO DRS III,353205 Motuca,0,0,0,0,0,0,0,0,0,0,0,0,0
359,2,Araçatuba,XI,ARAÇATUBA,35022,LAGOS DO DRS II,353210 Murutinga do Sul,0,0,0,0,0,0,0,0,0,0,0,0,0
360,11,Presidente Prudente,XXI,PRESIDENTE PRUDENTE,35113,ALTO CAPIVARI,353215 Nantes,0,0,0,0,0,0,0,0,0,0,0,0,0
361,11,Presidente Prudente,XXI,PRESIDENTE PRUDENTE,35112,ALTA SOROCABANA,353220 Narandiba,0,0,0,0,0,0,0,0,0,0,0,0,0
362,17,Taubaté,XXXIII,TAUBATÉ,35174,V. PARAÍBA-REG. SERRANA,353230 Natividade da Serra,0,0,0,0,0,0,0,0,0,0,0,0,0
363,7,Campinas,XVII,CAMPINAS,35071,BRAGANÇA,353240 Nazaré Paulista,0,0,0,0,0,0,0,0,0,0,0,0,0
364,15,São José do Rio Preto,XXIX,SÃO JOSÉ DO RIO PRETO,35155,SÃO JOSÉ DO RIO PRETO,353250 Neves Paulista,0,0,0,0,0,0,0,0,0,0,0,0,0
365,15,São José do Rio Preto,XXIX,SÃO JOSÉ DO RIO PRETO,35157,VOTUPORANGA,353260 Nhandeara,0,0,0,0,0,0,0,0,0,0,0,0,0
366,15,São José do Rio Preto,XXIX,SÃO JOSÉ DO RIO PRETO,35156,JOSÉ BONIFÁCIO,353270 Nipoã,0,0,0,0,0,0,0,0,0,0,0,0,0
367,15,São José do Rio Preto,XXIX,SÃO JOSÉ DO RIO PRETO,35155,SÃO JOSÉ DO RIO PRETO,353280 Nova Aliança,0,0,0,0,0,0,0,0,0,0,0,0,0
368,16,Sorocaba,XXXII,ITAPEVA,35162,ITAPEVA,353282 Nova Campina,0,0,0,0,0,0,0,0,0,0,0,0,0
369,15,São José do Rio Preto,XXX,JALES,35152,SANTA FÉ DO SUL,353284 Nova Canaã Paulista,0,0,0,0,0,0,0,0,0,0,0,0,0
370,2,Araçatuba,XI,ARAÇATUBA,35021,CENTRAL DO DRS II,353286 Nova Castilho,0,0,0,0,0,0,0,0,0,0,0,0,0
371,3,Araraquara,XII,ARARAQUARA,35032,CENTRO OESTE DO DRS III,353290 Nova Europa,0,0,0,0,0,0,0,0,0,0,0,0,0
372,15,São José do Rio Preto,XXIX,SÃO JOSÉ DO RIO PRETO,35155,SÃO JOSÉ DO RIO PRETO,353300 Nova Granada,0,0,0,0,0,0,0,0,0,0,0,0,0
373,11,Presidente Prudente,XXII,PRESIDENTE VENCESLAU,35111,ALTA PAULISTA,353310 Nova Guataporanga,0,0,0,0,0,0,0,0,0,0,0,0,0
374,2,Araçatuba,XI,ARAÇATUBA,35022,LAGOS DO DRS II,353320 Nova Independência,0,0,0,0,0,0,0,0,0,0,0,0,0
375,15,São José do Rio Preto,XXIX,SÃO JOSÉ DO RIO PRETO,35151,CATANDUVA,353325 Novais,0,0,0,0,0,0,0,0,0,0,0,0,0
376,2,Araçatuba,XI,ARAÇATUBA,35021,CENTRAL DO DRS II,353330 Nova Luzitânia,0,0,0,0,0,0,0,0,0,0,0,0,0
377,7,Campinas,XVII,CAMPINAS,35072,REG METRO CAMPINAS,353340 Nova Odessa,0,0,0,0,0,0,0,0,0,0,0,0,0
378,15,São José do Rio Preto,XXIX,SÃO JOSÉ DO RIO PRETO,35151,CATANDUVA,353350 Novo Horizonte,0,0,0,0,0,0,0,0,0,0,0,0,0
379,8,Franca,XVIII,FRANCA,35082,ALTA ANHANGUERA,353360 Nuporanga,0,0,0,0,0,0,0,0,0,0,0,0,0
380,9,Marília,XIX,MARÍLIA,35093,MARÍLIA,353370 Ocauçu,0,0,0,0,0,0,0,0,0,0,0,0,0
381,9,Marília,XIII,ASSIS,35094,OURINHOS,353380 Óleo,0,0,0,0,0,0,0,0,0,0,0,0,0
382,5,Barretos,XIV,BARRETOS,35051,NORTE-BARRETOS,353390 Olímpia,0,0,0,0,0,0,0,0,0,0,0,0,0
383,15,São José do Rio Preto,XXIX,SÃO JOSÉ DO RIO PRETO,35155,SÃO JOSÉ DO RIO PRETO,353400 Onda Verde,0,0,0,0,0,0,0,0,0,0,0,0,0
384,9,Marília,XIX,MARÍLIA,35093,MARÍLIA,353410 Oriente,0,0,0,0,0,0,0,0,0,0,0,0,0
385,15,São José do Rio Preto,XXIX,SÃO JOSÉ DO RIO PRETO,35155,SÃO JOSÉ DO RIO PRETO,353420 Orindiúva,0,0,0,0,0,0,0,0,0,0,0,0,0
386,8,Franca,XVIII,FRANCA,35082,ALTA ANHANGUERA,353430 Orlândia,0,0,0,0,0,0,0,0,0,0,0,0,0
387,1,São Paulo,X,OSASCO,35014,ROTA DOS BANDEIRANTES,353440 Osasco,0,0,0,0,0,0,0,0,0,1,2,0,1
388,9,Marília,XIX,MARÍLIA,35093,MARÍLIA,353450 Oscar Bressane,0,0,0,0,0,0,0,0,0,0,0,0,0
389,9,Marília,XIX,MARÍLIA,35091,ADAMANTINA,353460 Osvaldo Cruz,0,0,0,0,0,0,0,0,0,0,0,0,0
390,9,Marília,XIII,ASSIS,35094,OURINHOS,353470 Ourinhos,0,0,0,0,0,0,0,0,0,0,0,0,0
391,15,São José do Rio Preto,XXX,JALES,35154,FERNANDÓPOLIS,353475 Ouroeste,0,0,0,0,0,0,0,0,0,0,0,0,0
392,11,Presidente Prudente,XXII,PRESIDENTE VENCESLAU,35111,ALTA PAULISTA,353480 Ouro Verde,0,0,0,0,0,0,0,0,0,0,0,0,0
393,9,Marília,XIX,MARÍLIA,35091,ADAMANTINA,353490 Pacaembu,0,0,0,0,0,0,0,0,0,0,0,0,0
394,15,São José do Rio Preto,XXIX,SÃO JOSÉ DO RIO PRETO,35155,SÃO JOSÉ DO RIO PRETO,353500 Palestina,0,0,0,0,0,0,0,0,0,0,0,0,0
395,15,São José do Rio Preto,XXIX,SÃO JOSÉ DO RIO PRETO,35151,CATANDUVA,353510 Palmares Paulista,0,0,0,0,0,0,0,0,0,0,0,0,0
396,15,São José do Rio Preto,XXX,JALES,35153,JALES,353520 Palmeira d'Oeste,0,0,0,0,0,0,0,0,0,0,0,0,0
397,9,Marília,XIII,ASSIS,35092,ASSIS,353530 Palmital,0,0,0,0,0,0,0,0,0,0,0,0,0
398,11,Presidente Prudente,XXII,PRESIDENTE VENCESLAU,35111,ALTA PAULISTA,353540 Panorama,0,0,0,0,0,0,0,0,0,0,0,0,0
399,9,Marília,XIII,ASSIS,35092,ASSIS,353550 Paraguaçu Paulista,0,0,0,0,0,0,0,0,0,0,0,0,0
400,17,Taubaté,XXVII,SÃO JOSÉ DOS CAMPOS,35171,ALTO VALE DO PARAÍBA,353560 Paraibuna,0,0,0,0,0,0,0,0,0,0,0,0,0
401,15,São José do Rio Preto,XXIX,SÃO JOSÉ DO RIO PRETO,35151,CATANDUVA,353570 Paraíso,0,0,0,0,0,0,0,0,0,0,0,0,0
402,6,Bauru,XVI,BOTUCATU,35061,VALE DO JURUMIRIM,353580 Paranapanema,0,0,0,0,0,0,0,0,0,0,0,0,0
403,15,São José do Rio Preto,XXX,JALES,35153,JALES,353590 Paranapuã,0,0,0,0,0,0,0,0,0,0,0,0,0
404,9,Marília,XIX,MARÍLIA,35095,TUPÃ,353600 Parapuã,0,0,0,0,0,0,0,0,0,0,0,0,0
405,6,Bauru,XVI,BOTUCATU,35063,POLO CUESTA,353610 Pardinho,0,0,0,0,0,0,0,0,0,0,0,0,0
406,12,Registro,XXIII,REGISTRO,35121,VALE DO RIBEIRA,353620 Pariquera-Açu,0,0,0,0,0,0,0,0,0,0,0,0,0
407,15,São José do Rio Preto,XXIX,SÃO JOSÉ DO RIO PRETO,35157,VOTUPORANGA,353625 Parisi,0,0,0,0,0,0,0,0,0,0,0,0,0
408,8,Franca,XVIII,FRANCA,35081,TRÊS COLINAS,353630 Patrocínio Paulista,0,0,0,0,0,0,0,0,0,0,0,0,0
409,11,Presidente Prudente,XXII,PRESIDENTE VENCESLAU,35111,ALTA PAULISTA,353640 Paulicéia,0,0,0,0,0,0,0,0,0,0,0,0,0
410,7,Campinas,XVII,CAMPINAS,35072,REG METRO CAMPINAS,353650 Paulínia,0,0,0,0,0,0,0,0,0,0,0,0,0
411,6,Bauru,XV,BAURU,35062,BAURU,353657 Paulistânia,0,0,0,0,0,0,0,0,0,0,0,0,0
412,15,São José do Rio Preto,XXIX,SÃO JOSÉ DO RIO PRETO,35155,SÃO JOSÉ DO RIO PRETO,353660 Paulo de Faria,0,0,0,0,0,0,0,0,0,0,0,0,0
413,6,Bauru,XV,BAURU,35062,BAURU,353670 Pederneiras,0,0,0,0,0,0,0,0,0,0,0,0,0
414,7,Campinas,XVII,CAMPINAS,35071,BRAGANÇA,353680 Pedra Bela,0,0,0,0,0,0,0,0,0,0,0,0,0
415,15,São José do Rio Preto,XXX,JALES,35154,FERNANDÓPOLIS,353690 Pedranópolis,0,0,0,0,0,0,0,0,0,0,0,0,0
416,8,Franca,XVIII,FRANCA,35081,TRÊS COLINAS,353700 Pedregulho,0,0,0,0,0,0,0,0,0,0,0,0,0
417,7,Campinas,XVII,CAMPINAS,35072,REG METRO CAMPINAS,353710 Pedreira,0,0,0,0,0,0,0,0,0,0,0,0,0
418,9,Marília,XIII,ASSIS,35092,ASSIS,353715 Pedrinhas Paulista,0,0,0,0,0,0,0,0,0,0,0,0,0
419,12,Registro,XXIII,REGISTRO,35121,VALE DO RIBEIRA,353720 Pedro de Toledo,0,0,0,0,0,0,0,0,0,0,0,0,0
420,2,Araçatuba,XI,ARAÇATUBA,35023,CONSÓRCIOS DO DRS II,353730 Penápolis,0,0,0,0,0,0,0,0,0,0,0,0,0
421,2,Araçatuba,XI,ARAÇATUBA,35022,LAGOS DO DRS II,353740 Pereira Barreto,0,0,0,0,0,0,0,0,0,0,0,0,0
422,6,Bauru,XVI,BOTUCATU,35063,POLO CUESTA,353750 Pereiras,0,0,0,0,0,0,0,0,0,0,0,0,0
423,4,Baixada Santista,XXV,SANTOS,35041,BAIXADA SANTISTA,353760 Peruíbe,0,0,0,0,0,0,1,0,1,0,0,0,0
424,2,Araçatuba,XI,ARAÇATUBA,35023,CONSÓRCIOS DO DRS II,353770 Piacatu,0,0,0,0,0,0,0,0,0,0,0,0,0
425,16,Sorocaba,XXXI,SOROCABA,35163,SOROCABA,353780 Piedade,0,0,0,0,0,0,0,0,0,0,0,0,0
426,16,Sorocaba,XXXI,SOROCABA,35163,SOROCABA,353790 Pilar do Sul,0,0,0,0,0,0,0,0,0,0,0,0,0
427,17,Taubaté,XXXIII,TAUBATÉ,35174,V. PARAÍBA-REG. SERRANA,353800 Pindamonhangaba,0,0,0,0,0,0,0,0,0,0,0,0,0
428,15,São José do Rio Preto,XXIX,SÃO JOSÉ DO RIO PRETO,35151,CATANDUVA,353810 Pindorama,0,0,0,0,0,0,0,0,0,0,0,0,0
429,7,Campinas,XVII,CAMPINAS,35071,BRAGANÇA,353820 Pinhalzinho,0,0,0,0,0,0,0,0,0,0,0,0,0
430,11,Presidente Prudente,XXII,PRESIDENTE VENCESLAU,35114,EXTREMO OESTE PAULISTA,353830 Piquerobi,0,0,0,0,0,0,0,0,0,0,0,0,0
431,17,Taubaté,XXXIII,TAUBATÉ,35172,CIRCUITO DA FÉ - VALE HISTÓRICO,353850 Piquete,0,0,0,0,0,0,0,0,0,0,0,0,0
432,7,Campinas,XVII,CAMPINAS,35071,BRAGANÇA,353860 Piracaia,0,0,0,0,0,0,0,0,0,0,0,0,0
433,10,Piracicaba,XX,PIRACICABA,35103,PIRACICABA,353870 Piracicaba,0,0,0,0,0,0,0,0,0,0,0,0,0
434,6,Bauru,XVI,BOTUCATU,35061,VALE DO JURUMIRIM,353880 Piraju,0,0,0,1,0,0,0,0,0,0,0,0,0
435,6,Bauru,XV,BAURU,35062,BAURU,353890 Pirajuí,0,0,0,0,0,0,0,0,0,0,0,0,0
436,15,São José do Rio Preto,XXIX,SÃO JOSÉ DO RIO PRETO,35151,CATANDUVA,353900 Pirangi,0,0,0,0,0,0,0,0,0,0,0,0,0
437,1,São Paulo,X,OSASCO,35014,ROTA DOS BANDEIRANTES,353910 Pirapora do Bom Jesus,0,0,0,0,0,0,0,0,0,0,0,0,0
438,11,Presidente Prudente,XXI,PRESIDENTE PRUDENTE,35112,ALTA SOROCABANA,353920 Pirapozinho,0,0,0,0,0,0,0,0,0,0,0,0,0
439,10,Piracicaba,XX,PIRACICABA,35101,ARARAS,353930 Pirassununga,0,0,0,0,0,0,0,0,0,0,0,0,0
440,6,Bauru,XV,BAURU,35062,BAURU,353940 Piratininga,0,0,0,0,0,0,0,1,0,0,0,0,0
441,13,Riberão Preto,XXIV,RIBEIRÃO PRETO,35131,HORIZONTE VERDE,353950 Pitangueiras,0,0,0,0,0,0,0,0,0,0,0,0,0
442,15,São José do Rio Preto,XXIX,SÃO JOSÉ DO RIO PRETO,35156,JOSÉ BONIFÁCIO,353960 Planalto,0,0,0,0,0,0,0,0,0,0,0,0,0
443,9,Marília,XIII,ASSIS,35092,ASSIS,353970 Platina,0,0,0,0,0,0,0,0,0,0,0,0,0
444,1,São Paulo,VIII,MOGI DAS CRUZES,35011,ALTO DO TIETÊ,353980 Poá,0,0,0,0,0,0,0,0,0,0,0,0,0
445,15,São José do Rio Preto,XXIX,SÃO JOSÉ DO RIO PRETO,35156,JOSÉ BONIFÁCIO,353990 Poloni,0,0,0,0,0,0,0,0,0,0,0,0,0
446,9,Marília,XIX,MARÍLIA,35093,MARÍLIA,354000 Pompéia,0,0,0,0,0,0,0,0,0,0,0,0,0
447,6,Bauru,XV,BAURU,35065,LINS,354010 Pongaí,0,0,0,0,0,0,0,0,0,0,0,0,0
448,13,Riberão Preto,XXIV,RIBEIRÃO PRETO,35131,HORIZONTE VERDE,354020 Pontal,0,0,0,0,2,0,0,0,1,2,1,0,0
449,15,São José do Rio Preto,XXX,JALES,35153,JALES,354025 Pontalinda,0,0,0,0,0,0,0,0,0,0,0,0,0
450,15,São José do Rio Preto,XXIX,SÃO JOSÉ DO RIO PRETO,35157,VOTUPORANGA,354030 Pontes Gestal,0,0,0,0,0,0,0,0,0,0,0,0,0
451,15,São José do Rio Preto,XXX,JALES,35154,FERNANDÓPOLIS,354040 Populina,0,0,0,0,0,0,0,0,0,0,0,0,0
452,6,Bauru,XVI,BOTUCATU,35063,POLO CUESTA,354050 Porangaba,0,0,0,0,0,0,0,0,0,0,0,0,0
453,16,Sorocaba,XXXI,SOROCABA,35163,SOROCABA,354060 Porto Feliz,0,0,0,0,0,0,0,0,0,0,0,0,0
454,3,Araraquara,XII,ARARAQUARA,35034,CORAÇÃO DO DRS III,354070 Porto Ferreira,0,0,0,0,0,0,0,0,0,1,0,0,0
455,17,Taubaté,XXXIII,TAUBATÉ,35172,CIRCUITO DA FÉ - VALE HISTÓRICO,354075 Potim,0,0,0,0,0,0,0,0,0,1,0,0,0
456,15,São José do Rio Preto,XXIX,SÃO JOSÉ DO RIO PRETO,35155,SÃO JOSÉ DO RIO PRETO,354080 Potirendaba,0,1,0,0,0,0,0,0,0,0,0,0,0
457,9,Marília,XIX,MARÍLIA,35091,ADAMANTINA,354085 Pracinha,0,0,0,0,0,0,0,0,0,0,0,0,0
458,13,Riberão Preto,XXIV,RIBEIRÃO PRETO,35131,HORIZONTE VERDE,354090 Pradópolis,0,0,0,0,0,0,0,0,0,0,0,0,0
459,4,Baixada Santista,XXV,SANTOS,35041,BAIXADA SANTISTA,354100 Praia Grande,0,0,0,1,0,1,1,0,0,0,0,0,0
460,6,Bauru,XVI,BOTUCATU,35063,POLO CUESTA,354105 Pratânia,0,0,0,0,0,0,0,0,0,0,0,0,0
461,6,Bauru,XV,BAURU,35062,BAURU,354110 Presidente Alves,0,0,0,0,0,0,0,0,0,0,0,0,0
462,11,Presidente Prudente,XXI,PRESIDENTE PRUDENTE,35112,ALTA SOROCABANA,354120 Presidente Bernardes,0,0,0,0,0,0,0,0,0,0,0,0,0
463,11,Presidente Prudente,XXII,PRESIDENTE VENCESLAU,35114,EXTREMO OESTE PAULISTA,354130 Presidente Epitácio,0,0,0,0,0,0,0,0,0,0,0,0,0
464,11,Presidente Prudente,XXI,PRESIDENTE PRUDENTE,35112,ALTA SOROCABANA,354140 Presidente Prudente,0,0,0,0,0,0,0,0,0,0,0,0,0
465,11,Presidente Prudente,XXII,PRESIDENTE VENCESLAU,35114,EXTREMO OESTE PAULISTA,354150 Presidente Venceslau,0,0,0,0,0,0,0,0,0,0,0,0,0
466,6,Bauru,XV,BAURU,35065,LINS,354160 Promissão,0,0,0,0,0,0,0,0,0,0,0,0,0
467,16,Sorocaba,XXXI,SOROCABA,35161,ITAPETININGA,354165 Quadra,0,0,0,0,0,0,0,0,0,0,0,0,0
468,11,Presidente Prudente,XXI,PRESIDENTE PRUDENTE,35113,ALTO CAPIVARI,354170 Quatá,0,0,0,0,0,0,0,0,0,0,0,0,0
469,9,Marília,XIX,MARÍLIA,35095,TUPÃ,354180 Queiroz,0,0,0,0,0,0,0,0,0,0,0,0,0
470,17,Taubaté,XXXIII,TAUBATÉ,35172,CIRCUITO DA FÉ - VALE HISTÓRICO,354190 Queluz,0,0,0,0,0,0,0,0,0,0,0,0,0
471,9,Marília,XIX,MARÍLIA,35093,MARÍLIA,354200 Quintana,0,0,0,0,0,0,0,0,0,0,0,0,0
472,10,Piracicaba,XX,PIRACICABA,35103,PIRACICABA,354210 Rafard,0,0,0,0,0,0,0,0,0,0,0,0,0
473,11,Presidente Prudente,XXI,PRESIDENTE PRUDENTE,35113,ALTO CAPIVARI,354220 Rancharia,0,0,0,0,0,0,0,0,0,0,0,0,0
474,17,Taubaté,XXXIII,TAUBATÉ,35174,V. PARAÍBA-REG. SERRANA,354230 Redenção da Serra,0,0,0,0,0,0,0,0,0,0,0,0,0
475,11,Presidente Prudente,XXI,PRESIDENTE PRUDENTE,35112,ALTA SOROCABANA,354240 Regente Feijó,0,0,0,0,0,0,0,0,0,0,0,0,0
476,6,Bauru,XV,BAURU,35062,BAURU,354250 Reginópolis,0,0,0,0,0,0,0,0,0,0,0,0,0
477,12,Registro,XXIII,REGISTRO,35121,VALE DO RIBEIRA,354260 Registro,0,0,0,0,0,0,0,0,0,0,0,0,0
478,8,Franca,XVIII,FRANCA,35081,TRÊS COLINAS,354270 Restinga,0,0,0,0,0,0,0,0,0,0,0,0,0
479,16,Sorocaba,XXXII,ITAPEVA,35162,ITAPEVA,354280 Ribeira,0,0,0,0,0,0,0,0,0,0,0,0,0
480,3,Araraquara,XII,ARARAQUARA,35034,CORAÇÃO DO DRS III,354290 Ribeirão Bonito,0,0,0,0,0,0,0,0,0,0,0,0,0
481,16,Sorocaba,XXXII,ITAPEVA,35162,ITAPEVA,354300 Ribeirão Branco,0,0,0,0,0,0,0,0,0,0,0,0,0
482,8,Franca,XVIII,FRANCA,35081,TRÊS COLINAS,354310 Ribeirão Corrente,0,0,0,0,0,0,0,0,0,0,0,0,0
483,9,Marília,XIII,ASSIS,35094,OURINHOS,354320 Ribeirão do Sul,0,0,0,0,0,0,0,0,0,0,0,0,0
484,11,Presidente Prudente,XXI,PRESIDENTE PRUDENTE,35112,ALTA SOROCABANA,354323 Ribeirão dos Índios,0,0,0,0,0,0,0,0,0,0,0,0,0
485,16,Sorocaba,XXXI,SOROCABA,35161,ITAPETININGA,354325 Ribeirão Grande,0,0,0,0,0,0,0,0,0,0,0,0,0
486,1,São Paulo,VII,SANTO ANDRÉ,35015,GRANDE ABC,354330 Ribeirão Pires,0,0,0,0,0,0,0,0,0,0,0,0,0
487,13,Riberão Preto,XXIV,RIBEIRÃO PRETO,35132,AQUÍFERO GUARANI,354340 Ribeirão Preto,0,0,0,0,0,0,0,1,2,2,0,0,0
488,16,Sorocaba,XXXII,ITAPEVA,35162,ITAPEVA,354350 Riversul,0,0,0,0,0,0,0,0,0,0,0,0,0
489,8,Franca,XVIII,FRANCA,35081,TRÊS COLINAS,354360 Rifaina,0,0,0,0,0,0,0,0,0,0,0,0,0
490,3,Araraquara,XII,ARARAQUARA,35031,CENTRAL DO DRS III,354370 Rincão,0,0,0,0,0,0,0,0,0,0,0,0,0
491,9,Marília,XIX,MARÍLIA,35095,TUPÃ,354380 Rinópolis,0,0,0,0,0,0,0,0,0,0,0,0,0
492,10,Piracicaba,XX,PIRACICABA,35104,RIO CLARO,354390 Rio Claro,0,0,0,0,0,0,0,0,0,0,0,0,0
493,10,Piracicaba,XX,PIRACICABA,35103,PIRACICABA,354400 Rio das Pedras,0,0,0,0,0,0,0,0,0,0,0,0,0
494,1,São Paulo,VII,SANTO ANDRÉ,35015,GRANDE ABC,354410 Rio Grande da Serra,0,0,0,0,0,0,0,0,0,0,0,0,0
495,15,São José do Rio Preto,XXIX,SÃO JOSÉ DO RIO PRETO,35157,VOTUPORANGA,354420 Riolândia,0,0,0,0,0,0,0,0,0,0,0,0,0
496,11,Presidente Prudente,XXII,PRESIDENTE VENCESLAU,35115,PONTAL DO PARANAPANEMA,354425 Rosana,0,0,0,0,0,0,0,0,0,0,0,0,0
497,17,Taubaté,XXXIII,TAUBATÉ,35172,CIRCUITO DA FÉ - VALE HISTÓRICO,354430 Roseira,0,0,0,0,0,0,0,0,0,0,0,0,0
498,2,Araçatuba,XI,ARAÇATUBA,35021,CENTRAL DO DRS II,354440 Rubiácea,0,0,0,0,0,0,0,0,0,0,0,0,0
499,15,São José do Rio Preto,XXX,JALES,35152,SANTA FÉ DO SUL,354450 Rubinéia,0,0,0,0,0,0,0,0,0,0,0,0,0
500,6,Bauru,XV,BAURU,35065,LINS,354460 Sabino,0,0,0,0,0,0,0,0,0,0,0,0,0
501,9,Marília,XIX,MARÍLIA,35091,ADAMANTINA,354470 Sagres,0,0,0,0,0,0,0,0,0,0,0,0,0
502,15,São José do Rio Preto,XXIX,SÃO JOSÉ DO RIO PRETO,35151,CATANDUVA,354480 Sales,0,0,0,0,0,0,0,0,0,0,0,0,0
503,8,Franca,XVIII,FRANCA,35082,ALTA ANHANGUERA,354490 Sales Oliveira,0,0,0,0,0,0,0,0,0,0,0,0,0
504,1,São Paulo,VIII,MOGI DAS CRUZES,35011,ALTO DO TIETÊ,354500 Salesópolis,0,0,0,0,0,0,0,0,0,0,0,0,0
505,9,Marília,XIX,MARÍLIA,35091,ADAMANTINA,354510 Salmourão,0,0,0,0,0,0,0,0,0,0,0,0,0
506,10,Piracicaba,XX,PIRACICABA,35103,PIRACICABA,354515 Saltinho,0,0,0,0,0,0,0,0,0,0,0,0,0
507,16,Sorocaba,XXXI,SOROCABA,35163,SOROCABA,354520 Salto,0,0,0,0,0,0,0,0,0,0,0,0,0
508,16,Sorocaba,XXXI,SOROCABA,35163,SOROCABA,354530 Salto de Pirapora,0,0,0,0,0,0,0,0,0,0,0,0,0
509,9,Marília,XIII,ASSIS,35094,OURINHOS,354540 Salto Grande,0,0,0,0,0,0,0,0,0,0,0,0,0
510,11,Presidente Prudente,XXI,PRESIDENTE PRUDENTE,35112,ALTA SOROCABANA,354550 Sandovalina,0,0,0,0,0,0,0,0,0,0,0,0,0
511,15,São José do Rio Preto,XXIX,SÃO JOSÉ DO RIO PRETO,35151,CATANDUVA,354560 Santa Adélia,0,0,0,0,0,0,0,0,0,0,0,0,0
512,15,São José do Rio Preto,XXX,JALES,35153,JALES,354570 Santa Albertina,0,0,0,0,0,0,0,0,0,0,0,0,0
513,7,Campinas,XVII,CAMPINAS,35072,REG METRO CAMPINAS,354580 Santa Bárbara d'Oeste,0,0,0,0,0,0,0,0,0,0,0,0,0
514,17,Taubaté,XXVII,SÃO JOSÉ DOS CAMPOS,35171,ALTO VALE DO PARAÍBA,354600 Santa Branca,0,0,0,0,0,0,0,0,0,0,0,0,0
515,15,São José do Rio Preto,XXX,JALES,35152,SANTA FÉ DO SUL,354610 Santa Clara d'Oeste,0,0,0,0,0,0,0,0,0,0,0,0,0
516,10,Piracicaba,XX,PIRACICABA,35101,ARARAS,354620 Santa Cruz da Conceição,0,0,0,0,0,0,0,0,0,0,0,0,0
517,13,Riberão Preto,XXIV,RIBEIRÃO PRETO,35133,VALE DAS CACHOEIRAS,354625 Santa Cruz da Esperança,0,0,0,0,0,0,0,0,0,0,0,0,0
518,14,São João da Boa Vista,XXVI,SÃO JOÃO DA BOA VISTA,35142,MANTIQUEIRA,354630 Santa Cruz das Palmeiras,0,0,0,0,0,0,0,0,0,0,0,0,0
519,9,Marília,XIII,ASSIS,35094,OURINHOS,354640 Santa Cruz do Rio Pardo,0,0,0,0,0,0,0,0,0,0,0,0,0
520,3,Araraquara,XII,ARARAQUARA,35033,NORTE DO DRS III,354650 Santa Ernestina,0,0,0,0,0,0,0,0,0,0,0,0,0
521,15,São José do Rio Preto,XXX,JALES,35152,SANTA FÉ DO SUL,354660 Santa Fé do Sul,0,0,0,0,0,0,2,0,0,0,0,0,0
522,10,Piracicaba,XX,PIRACICABA,35104,RIO CLARO,354670 Santa Gertrudes,0,0,0,0,0,0,0,0,0,0,0,0,0
523,1,São Paulo,VIII,MOGI DAS CRUZES,35011,ALTO DO TIETÊ,354680 Santa Isabel,0,0,0,0,0,0,0,0,0,0,0,0,0
524,3,Araraquara,XII,ARARAQUARA,35031,CENTRAL DO DRS III,354690 Santa Lúcia,0,0,0,0,0,0,0,0,0,0,0,0,0
525,10,Piracicaba,XX,PIRACICABA,35103,PIRACICABA,354700 Santa Maria da Serra,0,0,0,0,0,0,0,0,0,0,0,0,0
526,11,Presidente Prudente,XXII,PRESIDENTE VENCESLAU,35111,ALTA PAULISTA,354710 Santa Mercedes,0,0,0,0,0,0,0,0,0,0,0,0,0
527,15,São José do Rio Preto,XXX,JALES,35153,JALES,354720 Santana da Ponte Pensa,0,0,0,0,0,0,0,0,0,0,0,0,0
528,1,São Paulo,X,OSASCO,35014,ROTA DOS BANDEIRANTES,354730 Santana de Parnaíba,0,0,0,0,0,0,0,0,0,0,0,0,0
529,15,São José do Rio Preto,XXX,JALES,35152,SANTA FÉ DO SUL,354740 Santa Rita d'Oeste,0,0,0,0,0,0,0,0,0,0,0,0,0
530,13,Riberão Preto,XXIV,RIBEIRÃO PRETO,35132,AQUÍFERO GUARANI,354750 Santa Rita do Passa Quatro,0,0,0,0,0,0,0,0,0,0,0,0,0
531,13,Riberão Preto,XXIV,RIBEIRÃO PRETO,35132,AQUÍFERO GUARANI,354760 Santa Rosa de Viterbo,0,0,0,0,0,0,0,0,0,0,0,0,0
532,15,São José do Rio Preto,XXX,JALES,35153,JALES,354765 Santa Salete,0,0,0,0,0,0,0,0,0,0,0,0,0
533,11,Presidente Prudente,XXI,PRESIDENTE PRUDENTE,35112,ALTA SOROCABANA,354770 Santo Anastácio,0,0,0,0,0,0,0,0,0,0,0,0,0
534,1,São Paulo,VII,SANTO ANDRÉ,35015,GRANDE ABC,354780 Santo André,0,0,0,0,0,0,0,0,0,1,0,0,0
535,13,Riberão Preto,XXIV,RIBEIRÃO PRETO,35133,VALE DAS CACHOEIRAS,354790 Santo Antônio da Alegria,0,0,0,0,0,0,0,0,0,0,0,0,0
536,7,Campinas,XVII,CAMPINAS,35072,REG METRO CAMPINAS,354800 Santo Antônio de Posse,0,0,0,0,0,0,0,0,0,0,0,0,0
537,2,Araçatuba,XI,ARAÇATUBA,35021,CENTRAL DO DRS II,354805 Santo Antônio do Aracanguá,0,0,0,0,0,0,0,0,0,0,0,0,0
538,14,São João da Boa Vista,XXVI,SÃO JOÃO DA BOA VISTA,35142,MANTIQUEIRA,354810 Santo Antônio do Jardim,0,0,0,0,0,0,0,0,0,0,0,0,0
539,17,Taubaté,XXXIII,TAUBATÉ,35174,V. PARAÍBA-REG. SERRANA,354820 Santo Antônio do Pinhal,0,0,0,0,0,0,0,0,0,0,0,0,0
540,11,Presidente Prudente,XXI,PRESIDENTE PRUDENTE,35112,ALTA SOROCABANA,354830 Santo Expedito,0,0,0,0,0,0,0,0,0,0,0,0,0
541,2,Araçatuba,XI,ARAÇATUBA,35023,CONSÓRCIOS DO DRS II,354840 Santópolis do Aguapeí,0,0,0,0,0,1,0,0,0,1,2,0,0
542,4,Baixada Santista,XXV,SANTOS,35041,BAIXADA SANTISTA,354850 Santos,3,3,0,0,0,1,3,0,0,0,1,2,0
543,17,Taubaté,XXXIII,TAUBATÉ,35174,V. PARAÍBA-REG. SERRANA,354860 São Bento do Sapucaí,0,0,0,0,0,0,0,0,0,0,0,0,0
544,1,São Paulo,VII,SANTO ANDRÉ,35015,GRANDE ABC,354870 São Bernardo do Campo,0,0,0,0,0,0,0,0,0,1,0,0,0
545,1,São Paulo,VII,SANTO ANDRÉ,35015,GRANDE ABC,354880 São Caetano do Sul,0,0,0,0,0,0,0,0,0,0,0,0,0
546,3,Araraquara,XII,ARARAQUARA,35034,CORAÇÃO DO DRS III,354890 São Carlos,0,0,0,0,0,0,0,0,0,0,0,0,0
547,15,São José do Rio Preto,XXX,JALES,35153,JALES,354900 São Francisco,0,0,0,0,0,0,0,0,0,0,0,0,0
548,14,São João da Boa Vista,XXVI,SÃO JOÃO DA BOA VISTA,35142,MANTIQUEIRA,354910 São João da Boa Vista,0,0,0,0,0,0,0,0,0,0,0,0,0
549,15,São José do Rio Preto,XXX,JALES,35154,FERNANDÓPOLIS,354920 São João das Duas Pontes,0,0,0,0,0,0,0,0,0,0,0,0,0
550,15,São José do Rio Preto,XXX,JALES,35154,FERNANDÓPOLIS,354925 São João de Iracema,0,0,0,0,0,0,0,0,0,0,0,0,0
551,11,Presidente Prudente,XXII,PRESIDENTE VENCESLAU,35111,ALTA PAULISTA,354930 São João do Pau d'Alho,0,0,0,0,0,0,0,0,0,0,0,0,0
552,8,Franca,XVIII,FRANCA,35082,ALTA ANHANGUERA,354940 São Joaquim da Barra,0,0,0,0,0,0,0,0,0,0,0,0,0
553,8,Franca,XVIII,FRANCA,35081,TRÊS COLINAS,354950 São José da Bela Vista,0,0,0,0,0,0,0,0,0,0,0,0,0
554,17,Taubaté,XXXIII,TAUBATÉ,35172,CIRCUITO DA FÉ - VALE HISTÓRICO,354960 São José do Barreiro,0,0,0,0,0,0,0,0,0,0,0,0,0
555,14,São João da Boa Vista,XXVI,SÃO JOÃO DA BOA VISTA,35143,RIO PARDO,354970 São José do Rio Pardo,0,0,0,0,0,0,0,0,0,0,0,0,0
556,15,São José do Rio Preto,XXIX,SÃO JOSÉ DO RIO PRETO,35155,SÃO JOSÉ DO RIO PRETO,354980 São José do Rio Preto,0,0,0,0,0,0,0,0,0,0,0,0,0
557,17,Taubaté,XXVII,SÃO JOSÉ DOS CAMPOS,35171,ALTO VALE DO PARAÍBA,354990 São José dos Campos,0,0,1,1,0,1,0,0,0,0,0,0,0
558,1,São Paulo,X,OSASCO,35013,MANANCIAIS,354995 São Lourenço da Serra,0,0,0,0,0,0,0,0,0,0,0,0,0
559,17,Taubaté,XXXIII,TAUBATÉ,35174,V. PARAÍBA-REG. SERRANA,355000 São Luís do Paraitinga,0,0,0,0,0,0,0,0,0,0,0,0,0
560,6,Bauru,XVI,BOTUCATU,35063,POLO CUESTA,355010 São Manuel,0,0,0,0,0,0,0,0,0,0,0,0,0
561,16,Sorocaba,XXXI,SOROCABA,35161,ITAPETININGA,355020 São Miguel Arcanjo,0,0,0,0,0,0,0,0,0,0,0,0,0
562,1,São Paulo,I,CAPITAL,35016,SÃO PAULO,355030 São Paulo,1,0,0,0,0,1,2,2,6,1,4,1,1
563,10,Piracicaba,XX,PIRACICABA,35103,PIRACICABA,355040 São Pedro,0,0,0,0,0,0,0,0,0,0,0,0,0
564,9,Marília,XIII,ASSIS,35094,OURINHOS,355050 São Pedro do Turvo,0,0,0,0,0,0,0,0,0,0,0,0,0
565,16,Sorocaba,XXXI,SOROCABA,35163,SOROCABA,355060 São Roque,0,0,0,0,0,0,0,0,0,0,0,0,0
566,17,Taubaté,XXVIII,CARAGUATATUBA,35173,LITORAL NORTE,355070 São Sebastião,0,0,0,0,0,0,0,0,0,0,0,0,0
567,14,São João da Boa Vista,XXVI,SÃO JOÃO DA BOA VISTA,35143,RIO PARDO,355080 São Sebastião da Grama,0,0,0,0,0,0,0,0,0,0,0,0,0
568,13,Riberão Preto,XXIV,RIBEIRÃO PRETO,35132,AQUÍFERO GUARANI,355090 São Simão,0,0,0,0,0,0,0,0,0,0,0,0,0
569,4,Baixada Santista,XXV,SANTOS,35041,BAIXADA SANTISTA,355100 São Vicente,1,2,4,1,2,2,2,2,0,1,3,0,0
570,16,Sorocaba,XXXI,SOROCABA,35161,ITAPETININGA,355110 Sarapuí,0,0,0,0,0,0,0,0,0,0,0,0,0
571,6,Bauru,XVI,BOTUCATU,35061,VALE DO JURUMIRIM,355120 Sarutaiá,0,0,0,0,0,0,0,0,0,0,0,0,0
572,15,São José do Rio Preto,XXIX,SÃO JOSÉ DO RIO PRETO,35157,VOTUPORANGA,355130 Sebastianópolis do Sul,0,0,0,0,0,0,0,0,0,0,0,0,0
573,13,Riberão Preto,XXIV,RIBEIRÃO PRETO,35132,AQUÍFERO GUARANI,355140 Serra Azul,0,0,0,0,0,0,0,0,0,0,0,0,0
574,13,Riberão Preto,XXIV,RIBEIRÃO PRETO,35132,AQUÍFERO GUARANI,355150 Serrana,0,0,0,0,0,0,0,0,0,0,0,0,0
575,7,Campinas,XVII,CAMPINAS,35074,CIRCUITO DAS AGUAS,355160 Serra Negra,0,0,0,0,0,0,0,0,0,0,0,0,0
576,13,Riberão Preto,XXIV,RIBEIRÃO PRETO,35131,HORIZONTE VERDE,355170 Sertãozinho,0,1,0,0,0,0,1,1,1,0,0,1,0
577,12,Registro,XXIII,REGISTRO,35121,VALE DO RIBEIRA,355180 Sete Barras,0,0,0,0,0,0,0,0,0,0,0,0,0
578,5,Barretos,XIV,BARRETOS,35051,NORTE-BARRETOS,355190 Severínia,0,0,0,0,0,0,0,0,0,0,0,0,0
579,17,Taubaté,XXXIII,TAUBATÉ,35172,CIRCUITO DA FÉ - VALE HISTÓRICO,355200 Silveiras,0,0,0,0,0,0,0,0,0,0,0,0,0
580,7,Campinas,XVII,CAMPINAS,35071,BRAGANÇA,355210 Socorro,0,0,0,0,0,0,0,0,0,0,0,0,0
581,16,Sorocaba,XXXI,SOROCABA,35163,SOROCABA,355220 Sorocaba,0,0,0,0,0,0,0,0,0,0,0,0,0
582,2,Araçatuba,XI,ARAÇATUBA,35022,LAGOS DO DRS II,355230 Sud Mennucci,0,0,0,0,0,0,0,0,0,0,0,0,0
583,7,Campinas,XVII,CAMPINAS,35072,REG METRO CAMPINAS,355240 Sumaré,0,0,0,0,0,0,0,0,0,0,0,0,0
584,1,São Paulo,VIII,MOGI DAS CRUZES,35011,ALTO DO TIETÊ,355250 Suzano,0,0,0,0,0,0,0,0,0,0,0,0,0
585,2,Araçatuba,XI,ARAÇATUBA,35022,LAGOS DO DRS II,355255 Suzanápolis,0,0,0,0,0,0,0,0,0,0,0,0,0
586,15,São José do Rio Preto,XXIX,SÃO JOSÉ DO RIO PRETO,35151,CATANDUVA,355260 Tabapuã,0,0,0,0,0,0,0,0,0,0,0,0,0
587,3,Araraquara,XII,ARARAQUARA,35032,CENTRO OESTE DO DRS III,355270 Tabatinga,0,0,0,0,0,0,0,0,0,0,0,0,0
588,1,São Paulo,X,OSASCO,35013,MANANCIAIS,355280 Taboão da Serra,0,0,0,0,0,0,0,0,0,0,0,0,0
589,11,Presidente Prudente,XXI,PRESIDENTE PRUDENTE,35112,ALTA SOROCABANA,355290 Taciba,0,0,0,0,0,0,0,0,0,0,0,0,0
590,6,Bauru,XVI,BOTUCATU,35061,VALE DO JURUMIRIM,355300 Taguaí,0,0,0,0,0,0,0,0,0,0,0,0,0
591,5,Barretos,XIV,BARRETOS,35052,SUL-BARRETOS,355310 Taiaçu,0,0,0,0,0,0,0,0,0,0,0,0,0
592,5,Barretos,XIV,BARRETOS,35052,SUL-BARRETOS,355320 Taiúva,0,0,0,0,0,0,0,0,0,0,0,0,0
593,14,São João da Boa Vista,XXVI,SÃO JOÃO DA BOA VISTA,35142,MANTIQUEIRA,355330 Tambaú,0,0,0,0,0,0,0,0,0,0,0,0,0
594,15,São José do Rio Preto,XXIX,SÃO JOSÉ DO RIO PRETO,35155,SÃO JOSÉ DO RIO PRETO,355340 Tanabi,0,0,0,0,0,0,0,0,0,0,0,0,0
595,16,Sorocaba,XXXI,SOROCABA,35163,SOROCABA,355350 Tapiraí,0,0,0,0,0,0,0,0,0,0,0,0,0
596,14,São João da Boa Vista,XXVI,SÃO JOÃO DA BOA VISTA,35143,RIO PARDO,355360 Tapiratiba,0,0,0,0,0,0,0,0,0,0,0,0,0
597,5,Barretos,XIV,BARRETOS,35052,SUL-BARRETOS,355365 Taquaral,0,0,0,0,0,0,0,0,0,0,0,0,0
598,3,Araraquara,XII,ARARAQUARA,35033,NORTE DO DRS III,355370 Taquaritinga,0,0,0,0,0,0,0,0,0,0,0,0,0
599,6,Bauru,XVI,BOTUCATU,35061,VALE DO JURUMIRIM,355380 Taquarituba,0,0,0,0,0,0,0,0,0,0,0,0,0
600,16,Sorocaba,XXXII,ITAPEVA,35162,ITAPEVA,355385 Taquarivaí,0,0,0,0,0,0,0,0,0,0,0,0,0
601,11,Presidente Prudente,XXI,PRESIDENTE PRUDENTE,35112,ALTA SOROCABANA,355390 Tarabaí,0,0,0,0,0,0,0,0,0,0,0,0,0
602,9,Marília,XIII,ASSIS,35092,ASSIS,355395 Tarumã,0,0,0,0,0,0,0,0,0,0,0,0,0
603,16,Sorocaba,XXXI,SOROCABA,35161,ITAPETININGA,355400 Tatuí,0,0,0,0,0,0,0,0,0,0,0,0,0
604,17,Taubaté,XXXIII,TAUBATÉ,35174,V. PARAÍBA-REG. SERRANA,355410 Taubaté,0,0,0,0,0,0,0,0,0,0,0,0,0
605,6,Bauru,XVI,BOTUCATU,35061,VALE DO JURUMIRIM,355420 Tejupá,0,0,0,0,0,0,0,0,0,0,0,0,0
606,11,Presidente Prudente,XXII,PRESIDENTE VENCESLAU,35115,PONTAL DO PARANAPANEMA,355430 Teodoro Sampaio,0,0,0,0,0,0,0,0,0,0,0,0,0
607,5,Barretos,XIV,BARRETOS,35052,SUL-BARRETOS,355440 Terra Roxa,0,0,0,0,0,0,0,0,0,0,0,0,0
608,16,Sorocaba,XXXI,SOROCABA,35163,SOROCABA,355450 Tietê,0,0,0,0,0,0,0,0,0,0,0,0,0
609,9,Marília,XIII,ASSIS,35094,OURINHOS,355460 Timburi,0,0,0,0,0,0,0,0,0,0,0,0,0
610,6,Bauru,XVI,BOTUCATU,35063,POLO CUESTA,355465 Torre de Pedra,0,0,0,0,0,0,0,0,0,0,0,0,0
611,6,Bauru,XV,BAURU,35064,JAU,355470 Torrinha,0,0,0,0,0,0,0,0,0,0,0,0,0
612,3,Araraquara,XII,ARARAQUARA,35031,CENTRAL DO DRS III,355475 Trabiju,0,0,0,0,0,0,0,0,0,0,0,0,0
613,17,Taubaté,XXXIII,TAUBATÉ,35174,V. PARAÍBA-REG. SERRANA,355480 Tremembé,0,0,0,0,0,0,0,0,0,0,0,0,0
614,15,São José do Rio Preto,XXX,JALES,35152,SANTA FÉ DO SUL,355490 Três Fronteiras,0,0,0,0,0,0,0,0,0,0,0,0,0
615,7,Campinas,XVII,CAMPINAS,35071,BRAGANÇA,355495 Tuiuti,0,0,0,0,0,0,0,0,0,0,0,0,0
616,9,Marília,XIX,MARÍLIA,35095,TUPÃ,355500 Tupã,0,0,0,0,0,0,0,0,0,0,0,0,0
617,11,Presidente Prudente,XXII,PRESIDENTE VENCESLAU,35111,ALTA PAULISTA,355510 Tupi Paulista,0,0,0,0,0,0,0,0,0,0,0,0,0
618,2,Araçatuba,XI,ARAÇATUBA,35023,CONSÓRCIOS DO DRS II,355520 Turiúba,0,0,0,0,0,0,0,0,0,0,0,0,0
619,15,São José do Rio Preto,XXX,JALES,35154,FERNANDÓPOLIS,355530 Turmalina,0,0,0,0,0,0,0,0,0,0,0,0,0
620,15,São José do Rio Preto,XXIX,SÃO JOSÉ DO RIO PRETO,35156,JOSÉ BONIFÁCIO,355535 Ubarana,0,0,0,0,0,0,0,0,0,0,0,0,0
621,17,Taubaté,XXVIII,CARAGUATATUBA,35173,LITORAL NORTE,355540 Ubatuba,0,0,0,0,0,0,0,0,1,0,0,0,0
622,9,Marília,XIX,MARÍLIA,35093,MARÍLIA,355550 Ubirajara,0,0,0,0,0,0,0,0,0,0,0,0,0
623,15,São José do Rio Preto,XXIX,SÃO JOSÉ DO RIO PRETO,35155,SÃO JOSÉ DO RIO PRETO,355560 Uchoa,0,0,0,0,0,0,0,0,0,0,0,0,0
624,15,São José do Rio Preto,XXIX,SÃO JOSÉ DO RIO PRETO,35156,JOSÉ BONIFÁCIO,355570 União Paulista,0,0,0,0,0,0,0,0,0,0,0,0,0
625,15,São José do Rio Preto,XXX,JALES,35153,JALES,355580 Urânia,0,0,0,0,0,0,0,0,0,0,0,0,0
626,6,Bauru,XV,BAURU,35065,LINS,355590 Uru,0,0,0,0,0,0,0,0,0,0,0,0,0
627,15,São José do Rio Preto,XXIX,SÃO JOSÉ DO RIO PRETO,35151,CATANDUVA,355600 Urupês,0,0,0,0,0,0,0,0,0,0,0,0,0
628,15,São José do Rio Preto,XXIX,SÃO JOSÉ DO RIO PRETO,35157,VOTUPORANGA,355610 Valentim Gentil,0,0,0,0,0,0,0,0,0,0,0,0,0
629,7,Campinas,XVII,CAMPINAS,35072,REG METRO CAMPINAS,355620 Valinhos,0,0,0,0,0,0,0,0,0,0,0,0,0
630,2,Araçatuba,XI,ARAÇATUBA,35021,CENTRAL DO DRS II,355630 Valparaíso,0,0,0,0,0,0,0,0,0,0,0,0,0
631,7,Campinas,XVII,CAMPINAS,35071,BRAGANÇA,355635 Vargem,0,0,0,0,0,0,0,0,0,0,0,0,0
632,14,São João da Boa Vista,XXVI,SÃO JOÃO DA BOA VISTA,35142,MANTIQUEIRA,355640 Vargem Grande do Sul,0,0,0,0,0,0,0,0,0,0,0,0,0
633,1,São Paulo,X,OSASCO,35013,MANANCIAIS,355645 Vargem Grande Paulista,0,0,0,0,0,0,0,0,0,0,0,0,0
634,7,Campinas,XVII,CAMPINAS,35073,JUNDIAÍ,355650 Várzea Paulista,0,0,0,0,0,0,0,0,0,0,0,0,0
635,9,Marília,XIX,MARÍLIA,35093,MARÍLIA,355660 Vera Cruz,0,0,0,0,0,0,0,0,0,0,0,0,0
636,7,Campinas,XVII,CAMPINAS,35072,REG METRO CAMPINAS,355670 Vinhedo,0,0,0,0,0,0,0,0,0,0,0,0,0
637,5,Barretos,XIV,BARRETOS,35052,SUL-BARRETOS,355680 Viradouro,0,0,0,0,0,0,0,0,0,0,0,0,0
638,5,Barretos,XIV,BARRETOS,35052,SUL-BARRETOS,355690 Vista Alegre do Alto,0,0,0,0,0,0,0,0,0,0,0,0,0
639,15,São José do Rio Preto,XXX,JALES,35153,JALES,355695 Vitória Brasil,0,0,0,0,0,0,0,0,0,0,0,0,0
640,16,Sorocaba,XXXI,SOROCABA,35163,SOROCABA,355700 Votorantim,0,0,0,0,0,0,0,0,0,0,0,0,0
641,15,São José do Rio Preto,XXIX,SÃO JOSÉ DO RIO PRETO,35157,VOTUPORANGA,355710 Votuporanga,0,0,0,0,0,0,0,0,0,0,0,0,0
642,15,São José do Rio Preto,XXIX,SÃO JOSÉ DO RIO PRETO,35156,JOSÉ BONIFÁCIO,355715 Zacarias,0,0,0,0,0,0,0,0,0,0,0,0,0
643,9,Marília,XIII,ASSIS,35094,OURINHOS,355720 Chavantes,0,0,0,0,0,0,0,0,0,0,0,0,0
644,14,São João da Boa Vista,XXVI,SÃO JOÃO DA BOA VISTA,35141,BAIXA MOGIANA,355730 Estiva Gerbi,0,0,0,0,0,0,0,0,0,0,0,0,0
