,Num_DRS,DRS,Num_GVE,GVE,Num_Região_Saúde,RegiãodeSaúde,Num_Municipio
0,9,Marília,XIX,MARÍLIA,35091,ADAMANTINA,350010
1,15,São José do Rio Preto,XXIX,SÃO JOSÉ DO RIO PRETO,35156,JOSÉ BONIFÁCIO,350020
2,14,São João da Boa Vista,XXVI,SÃO JOÃO DA BOA VISTA,35142,MANTIQUEIRA,350030
3,14,São João da Boa Vista,XXVI,SÃO JOÃO DA BOA VISTA,35142,MANTIQUEIRA,350040
4,7,Campinas,XVII,CAMPINAS,35074,CIRCUITO DAS AGUAS,350050
5,6,Bauru,XVI,BOTUCATU,35061,VALE DO JURUMIRIM,350055
6,10,Piracicaba,XX,PIRACICABA,35103,PIRACICABA,350060
7,6,Bauru,XV,BAURU,35062,BAURU,350070
8,16,Sorocaba,XXXI,SOROCABA,35161,ITAPETININGA,350075
9,11,Presidente Prudente,XXI,PRESIDENTE PRUDENTE,35112,ALTA SOROCABANA,350080
10,5,Barretos,XIV,BARRETOS,35051,NORTE-BARRETOS,350090
11,13,Riberão Preto,XXIV,RIBEIRÃO PRETO,35133,VALE DAS CACHOEIRAS,350100
12,2,Araçatuba,XI,ARAÇATUBA,35023,CONSÓRCIOS DO DRS II,350110
13,16,Sorocaba,XXXI,SOROCABA,35163,SOROCABA,350115
14,15,São José do Rio Preto,XXIX,SÃO JOSÉ DO RIO PRETO,35157,VOTUPORANGA,350120
15,11,Presidente Prudente,XXI,PRESIDENTE PRUDENTE,35112,ALTA SOROCABANA,350130
16,9,Marília,XIX,MARÍLIA,35093,MARÍLIA,350140
17,9,Marília,XIX,MARÍLIA,35093,MARÍLIA,350150
18,7,Campinas,XVII,CAMPINAS,35072,REG METRO CAMPINAS,350160
19,3,Araraquara,XII,ARARAQUARA,35031,CENTRAL DO DRS III,350170
20,15,São José do Rio Preto,XXIX,SÃO JOSÉ DO RIO PRETO,35157,VOTUPORANGA,350180
21,7,Campinas,XVII,CAMPINAS,35074,CIRCUITO DAS AGUAS,350190
22,10,Piracicaba,XX,PIRACICABA,35104,RIO CLARO,350200
23,2,Araçatuba,XI,ARAÇATUBA,35022,LAGOS DO DRS II,350210
24,16,Sorocaba,XXXI,SOROCABA,35161,ITAPETININGA,350220
25,6,Bauru,XVI,BOTUCATU,35063,POLO CUESTA,350230
26,11,Presidente Prudente,XXI,PRESIDENTE PRUDENTE,35112,ALTA SOROCABANA,350240
27,17,Taubaté,XXXIII,TAUBATÉ,35172,CIRCUITO DA FÉ - VALE HISTÓRICO,350250
28,15,São José do Rio Preto,XXX,JALES,35153,JALES,350260
29,16,Sorocaba,XXXII,ITAPEVA,35162,ITAPEVA,350270
30,16,Sorocaba,XXXI,SOROCABA,35163,SOROCABA,350275
31,2,Araçatuba,XI,ARAÇATUBA,35021,CENTRAL DO DRS II,350280
32,16,Sorocaba,XXXI,SOROCABA,35163,SOROCABA,350290
33,8,Franca,XVIII,FRANCA,35083,ALTA MOGIANA,350300
34,6,Bauru,XVI,BOTUCATU,35061,VALE DO JURUMIRIM,350310
35,17,Taubaté,XXXIII,TAUBATÉ,35172,CIRCUITO DA FÉ - VALE HISTÓRICO,350315
36,3,Araraquara,XII,ARARAQUARA,35031,CENTRAL DO DRS III,350320
37,10,Piracicaba,XX,PIRACICABA,35101,ARARAS,350330
38,9,Marília,XIX,MARÍLIA,35095,TUPÃ,350335
39,6,Bauru,XV,BAURU,35062,BAURU,350340
40,17,Taubaté,XXXIII,TAUBATÉ,35172,CIRCUITO DA FÉ - VALE HISTÓRICO,350350
41,6,Bauru,XVI,BOTUCATU,35063,POLO CUESTA,350360
42,15,São José do Rio Preto,XXIX,SÃO JOSÉ DO RIO PRETO,35151,CATANDUVA,350370
43,7,Campinas,XVII,CAMPINAS,35072,REG METRO CAMPINAS,350380
44,1,São Paulo,VIII,MOGI DAS CRUZES,35011,ALTO DO TIETÊ,350390
45,15,São José do Rio Preto,XXX,JALES,35153,JALES,350395
46,9,Marília,XIII,ASSIS,35092,ASSIS,350400
47,7,Campinas,XVII,CAMPINAS,35071,BRAGANÇA,350410
48,2,Araçatuba,XI,ARAÇATUBA,35021,CENTRAL DO DRS II,350420
49,6,Bauru,XV,BAURU,35062,BAURU,350430
50,2,Araçatuba,XI,ARAÇATUBA,35023,CONSÓRCIOS DO DRS II,350440
51,6,Bauru,XVI,BOTUCATU,35061,VALE DO JURUMIRIM,350450
52,15,São José do Rio Preto,XXIX,SÃO JOSÉ DO RIO PRETO,35155,SÃO JOSÉ DO RIO PRETO,350460
53,6,Bauru,XV,BAURU,35062,BAURU,350470
54,15,São José do Rio Preto,XXIX,SÃO JOSÉ DO RIO PRETO,35155,SÃO JOSÉ DO RIO PRETO,350480
55,17,Taubaté,XXXIII,TAUBATÉ,35172,CIRCUITO DA FÉ - VALE HISTÓRICO,350490
56,6,Bauru,XVI,BOTUCATU,35061,VALE DO JURUMIRIM,350500
57,2,Araçatuba,XI,ARAÇATUBA,35023,CONSÓRCIOS DO DRS II,350510
58,6,Bauru,XV,BAURU,35064,JAU,350520
59,6,Bauru,XV,BAURU,35064,JAU,350530
60,16,Sorocaba,XXXII,ITAPEVA,35162,ITAPEVA,350535
61,12,Registro,XXIII,REGISTRO,35121,VALE DO RIBEIRA,350540
62,5,Barretos,XIV,BARRETOS,35051,NORTE-BARRETOS,350550
63,13,Riberão Preto,XXIV,RIBEIRÃO PRETO,35131,HORIZONTE VERDE,350560
64,1,São Paulo,X,OSASCO,35014,ROTA DOS BANDEIRANTES,350570
65,9,Marília,XIX,MARÍLIA,35095,TUPÃ,350580
66,13,Riberão Preto,XXIV,RIBEIRÃO PRETO,35133,VALE DAS CACHOEIRAS,350590
67,6,Bauru,XV,BAURU,35062,BAURU,350600
68,5,Barretos,XIV,BARRETOS,35052,SUL-BARRETOS,350610
69,2,Araçatuba,XI,ARAÇATUBA,35021,CENTRAL DO DRS II,350620
70,9,Marília,XIII,ASSIS,35094,OURINHOS,350630
71,4,Baixada Santista,XXV,SANTOS,35041,BAIXADA SANTISTA,350635
72,2,Araçatuba,XI,ARAÇATUBA,35021,CENTRAL DO DRS II,350640
73,2,Araçatuba,XI,ARAÇATUBA,35023,CONSÓRCIOS DO DRS II,350650
74,1,São Paulo,VIII,MOGI DAS CRUZES,35011,ALTO DO TIETÊ,350660
75,3,Araraquara,XII,ARARAQUARA,35031,CENTRAL DO DRS III,350670
76,6,Bauru,XV,BAURU,35064,JAU,350680
77,6,Bauru,XVI,BOTUCATU,35063,POLO CUESTA,350690
78,16,Sorocaba,XXXI,SOROCABA,35163,SOROCABA,350700
79,7,Campinas,XVII,CAMPINAS,35071,BRAGANÇA,350710
80,16,Sorocaba,XXXII,ITAPEVA,35162,ITAPEVA,350715
81,9,Marília,XIII,ASSIS,35092,ASSIS,350720
82,6,Bauru,XV,BAURU,35064,JAU,350730
83,3,Araraquara,XII,ARARAQUARA,35032,CENTRO OESTE DO DRS III,350740
84,6,Bauru,XV,BAURU,35062,BAURU,350745
85,6,Bauru,XVI,BOTUCATU,35063,POLO CUESTA,350750
86,7,Campinas,XVII,CAMPINAS,35071,BRAGANÇA,350760
87,2,Araçatuba,XI,ARAÇATUBA,35023,CONSÓRCIOS DO DRS II,350770
88,2,Araçatuba,XI,ARAÇATUBA,35023,CONSÓRCIOS DO DRS II,350775
89,13,Riberão Preto,XXIV,RIBEIRÃO PRETO,35133,VALE DAS CACHOEIRAS,350780
90,6,Bauru,XV,BAURU,35064,JAU,350790
91,16,Sorocaba,XXXII,ITAPEVA,35162,ITAPEVA,350800
92,2,Araçatuba,XI,ARAÇATUBA,35023,CONSÓRCIOS DO DRS II,350810
93,8,Franca,XVIII,FRANCA,35083,ALTA MOGIANA,350820
94,6,Bauru,XV,BAURU,35062,BAURU,350830
95,7,Campinas,XVII,CAMPINAS,35073,JUNDIAÍ,350840
96,17,Taubaté,XXVII,SÃO JOSÉ DOS CAMPOS,35171,ALTO VALE DO PARAÍBA,350850
97,17,Taubaté,XXXIII,TAUBATÉ,35172,CIRCUITO DA FÉ - VALE HISTÓRICO,350860
98,14,São João da Boa Vista,XXVI,SÃO JOÃO DA BOA VISTA,35143,RIO PARDO,350870
99,6,Bauru,XV,BAURU,35065,LINS,350880
100,11,Presidente Prudente,XXI,PRESIDENTE PRUDENTE,35112,ALTA SOROCABANA,350890
101,1,São Paulo,IX,FRANCO DA ROCHA,35012,FRANCO DA ROCHA,350900
102,11,Presidente Prudente,XXII,PRESIDENTE VENCESLAU,35114,EXTREMO OESTE PAULISTA,350910
103,1,São Paulo,IX,FRANCO DA ROCHA,35012,FRANCO DA ROCHA,350920
104,12,Registro,XXIII,REGISTRO,35121,VALE DO RIBEIRA,350925
105,5,Barretos,XIV,BARRETOS,35051,NORTE-BARRETOS,350930
106,13,Riberão Preto,XXIV,RIBEIRÃO PRETO,35133,VALE DAS CACHOEIRAS,350940
107,16,Sorocaba,XXXI,SOROCABA,35161,ITAPETININGA,350945
108,7,Campinas,XVII,CAMPINAS,35072,REG METRO CAMPINAS,350950
109,7,Campinas,XVII,CAMPINAS,35073,JUNDIAÍ,350960
110,17,Taubaté,XXXIII,TAUBATÉ,35174,V. PARAÍBA-REG. SERRANA,350970
111,9,Marília,XIX,MARÍLIA,35093,MARÍLIA,350980
112,12,Registro,XXIII,REGISTRO,35121,VALE DO RIBEIRA,350990
113,17,Taubaté,XXXIII,TAUBATÉ,35172,CIRCUITO DA FÉ - VALE HISTÓRICO,350995
114,9,Marília,XIII,ASSIS,35092,ASSIS,351000
115,3,Araraquara,XII,ARARAQUARA,35033,NORTE DO DRS III,351010
116,9,Marília,XIII,ASSIS,35094,OURINHOS,351015
117,16,Sorocaba,XXXI,SOROCABA,35161,ITAPETININGA,351020
118,16,Sorocaba,XXXI,SOROCABA,35163,SOROCABA,351030
119,10,Piracicaba,XX,PIRACICABA,35103,PIRACICABA,351040
120,17,Taubaté,XXVIII,CARAGUATATUBA,35173,LITORAL NORTE,351050
121,1,São Paulo,X,OSASCO,35014,ROTA DOS BANDEIRANTES,351060
122,15,São José do Rio Preto,XXIX,SÃO JOSÉ DO RIO PRETO,35157,VOTUPORANGA,351070
123,14,São João da Boa Vista,XXVI,SÃO JOÃO DA BOA VISTA,35143,RIO PARDO,351080
124,13,Riberão Preto,XXIV,RIBEIRÃO PRETO,35133,VALE DAS CACHOEIRAS,351090
125,2,Araçatuba,XI,ARAÇATUBA,35022,LAGOS DO DRS II,351100
126,15,São José do Rio Preto,XXIX,SÃO JOSÉ DO RIO PRETO,35151,CATANDUVA,351110
127,15,São José do Rio Preto,XXIX,SÃO JOSÉ DO RIO PRETO,35151,CATANDUVA,351120
128,15,São José do Rio Preto,XXIX,SÃO JOSÉ DO RIO PRETO,35155,SÃO JOSÉ DO RIO PRETO,351130
129,6,Bauru,XVI,BOTUCATU,35061,VALE DO JURUMIRIM,351140
130,16,Sorocaba,XXXI,SOROCABA,35161,ITAPETININGA,351150
131,16,Sorocaba,XXXI,SOROCABA,35161,ITAPETININGA,351160
132,10,Piracicaba,XX,PIRACICABA,35103,PIRACICABA,351170
133,2,Araçatuba,XI,ARAÇATUBA,35023,CONSÓRCIOS DO DRS II,351190
134,5,Barretos,XIV,BARRETOS,35051,NORTE-BARRETOS,351200
135,5,Barretos,XIV,BARRETOS,35051,NORTE-BARRETOS,351210
136,10,Piracicaba,XX,PIRACICABA,35101,ARARAS,351220
137,6,Bauru,XVI,BOTUCATU,35063,POLO CUESTA,351230
138,10,Piracicaba,XX,PIRACICABA,35102,LIMEIRA,351240
139,2,Araçatuba,XI,ARAÇATUBA,35023,CONSÓRCIOS DO DRS II,351250
140,6,Bauru,XVI,BOTUCATU,35061,VALE DO JURUMIRIM,351260
141,10,Piracicaba,XX,PIRACICABA,35104,RIO CLARO,351270
142,7,Campinas,XVII,CAMPINAS,35072,REG METRO CAMPINAS,351280
143,15,São José do Rio Preto,XXIX,SÃO JOSÉ DO RIO PRETO,35157,VOTUPORANGA,351290
144,1,São Paulo,X,OSASCO,35013,MANANCIAIS,351300
145,13,Riberão Preto,XXIV,RIBEIRÃO PRETO,35132,AQUÍFERO GUARANI,351310
146,8,Franca,XVIII,FRANCA,35081,TRÊS COLINAS,351320
147,9,Marília,XIII,ASSIS,35092,ASSIS,351330
148,17,Taubaté,XXXIII,TAUBATÉ,35172,CIRCUITO DA FÉ - VALE HISTÓRICO,351340
149,4,Baixada Santista,XXV,SANTOS,35041,BAIXADA SANTISTA,351350
150,17,Taubaté,XXXIII,TAUBATÉ,35172,CIRCUITO DA FÉ - VALE HISTÓRICO,351360
151,3,Araraquara,XII,ARARAQUARA,35034,CORAÇÃO DO DRS III,351370
152,1,São Paulo,VII,SANTO ANDRÉ,35015,GRANDE ABC,351380
153,15,São José do Rio Preto,XXX,JALES,35153,JALES,351385
154,14,São João da Boa Vista,XXVI,SÃO JOÃO DA BOA VISTA,35143,RIO PARDO,351390
155,3,Araraquara,XII,ARARAQUARA,35033,NORTE DO DRS III,351400
156,6,Bauru,XV,BAURU,35064,JAU,351410
157,15,São José do Rio Preto,XXX,JALES,35153,JALES,351420
158,3,Araraquara,XII,ARARAQUARA,35034,CORAÇÃO DO DRS III,351430
159,11,Presidente Prudente,XXII,PRESIDENTE VENCESLAU,35111,ALTA PAULISTA,351440
160,6,Bauru,XV,BAURU,35062,BAURU,351450
161,13,Riberão Preto,XXIV,RIBEIRÃO PRETO,35131,HORIZONTE VERDE,351460
162,9,Marília,XIX,MARÍLIA,35093,MARÍLIA,351470
163,12,Registro,XXIII,REGISTRO,35121,VALE DO RIBEIRA,351480
164,10,Piracicaba,XX,PIRACICABA,35103,PIRACICABA,351490
165,15,São José do Rio Preto,XXIX,SÃO JOSÉ DO RIO PRETO,35151,CATANDUVA,351492
166,15,São José do Rio Preto,XXIX,SÃO JOSÉ DO RIO PRETO,35151,CATANDUVA,351495
167,1,São Paulo,X,OSASCO,35013,MANANCIAIS,351500
168,1,São Paulo,X,OSASCO,35013,MANANCIAIS,351510
169,11,Presidente Prudente,XXI,PRESIDENTE PRUDENTE,35112,ALTA SOROCABANA,351512
170,10,Piracicaba,XX,PIRACICABA,35102,LIMEIRA,351515
171,14,São João da Boa Vista,XXVI,SÃO JOÃO DA BOA VISTA,35142,MANTIQUEIRA,351518
172,9,Marília,XIII,ASSIS,35094,OURINHOS,351519
173,15,São José do Rio Preto,XXX,JALES,35154,FERNANDÓPOLIS,351520
174,11,Presidente Prudente,XXI,PRESIDENTE PRUDENTE,35112,ALTA SOROCABANA,351530
175,11,Presidente Prudente,XXII,PRESIDENTE VENCESLAU,35115,PONTAL DO PARANAPANEMA,351535
176,6,Bauru,XVI,BOTUCATU,35061,VALE DO JURUMIRIM,351540
177,15,São José do Rio Preto,XXX,JALES,35154,FERNANDÓPOLIS,351550
178,15,São José do Rio Preto,XXIX,SÃO JOSÉ DO RIO PRETO,35151,CATANDUVA,351560
179,9,Marília,XIX,MARÍLIA,35093,MARÍLIA,351565
180,1,São Paulo,VIII,MOGI DAS CRUZES,35011,ALTO DO TIETÊ,351570
181,11,Presidente Prudente,XXII,PRESIDENTE VENCESLAU,35111,ALTA PAULISTA,351580
182,15,São José do Rio Preto,XXIX,SÃO JOSÉ DO RIO PRETO,35157,VOTUPORANGA,351590
183,9,Marília,XIX,MARÍLIA,35091,ADAMANTINA,351600
184,9,Marília,XIII,ASSIS,35092,ASSIS,351610
185,8,Franca,XVIII,FRANCA,35081,TRÊS COLINAS,351620
186,1,São Paulo,IX,FRANCO DA ROCHA,35012,FRANCO DA ROCHA,351630
187,1,São Paulo,IX,FRANCO DA ROCHA,35012,FRANCO DA ROCHA,351640
188,2,Araçatuba,XI,ARAÇATUBA,35023,CONSÓRCIOS DO DRS II,351650
189,9,Marília,XIX,MARÍLIA,35093,MARÍLIA,351660
190,9,Marília,XIX,MARÍLIA,35093,MARÍLIA,351670
191,15,São José do Rio Preto,XXIX,SÃO JOSÉ DO RIO PRETO,35157,VOTUPORANGA,351680
192,3,Araraquara,XII,ARARAQUARA,35031,CENTRAL DO DRS III,351685
193,15,São José do Rio Preto,XXIX,SÃO JOSÉ DO RIO PRETO,35157,VOTUPORANGA,351690
194,6,Bauru,XV,BAURU,35065,LINS,351700
195,2,Araçatuba,XI,ARAÇATUBA,35023,CONSÓRCIOS DO DRS II,351710
196,6,Bauru,XV,BAURU,35065,LINS,351720
197,9,Marília,XIX,MARÍLIA,35093,MARÍLIA,351730
198,5,Barretos,XIV,BARRETOS,35051,NORTE-BARRETOS,351740
199,15,São José do Rio Preto,XXIX,SÃO JOSÉ DO RIO PRETO,35155,SÃO JOSÉ DO RIO PRETO,351750
200,16,Sorocaba,XXXII,ITAPEVA,35162,ITAPEVA,351760
201,8,Franca,XVIII,FRANCA,35083,ALTA MOGIANA,351770
202,2,Araçatuba,XI,ARAÇATUBA,35022,LAGOS DO DRS II,351780
203,5,Barretos,XIV,BARRETOS,35051,NORTE-BARRETOS,351790
204,15,São José do Rio Preto,XXX,JALES,35154,FERNANDÓPOLIS,351800
205,9,Marília,XIX,MARÍLIA,35093,MARÍLIA,351810
206,2,Araçatuba,XI,ARAÇATUBA,35021,CENTRAL DO DRS II,351820
207,1,São Paulo,VIII,MOGI DAS CRUZES,35011,ALTO DO TIETÊ,351830
208,17,Taubaté,XXXIII,TAUBATÉ,35172,CIRCUITO DA FÉ - VALE HISTÓRICO,351840
209,16,Sorocaba,XXXI,SOROCABA,35161,ITAPETININGA,351850
210,13,Riberão Preto,XXIV,RIBEIRÃO PRETO,35131,HORIZONTE VERDE,351860
211,4,Baixada Santista,XXV,SANTOS,35041,BAIXADA SANTISTA,351870
212,1,São Paulo,VIII,MOGI DAS CRUZES,35011,ALTO DO TIETÊ,351880
213,13,Riberão Preto,XXIV,RIBEIRÃO PRETO,35132,AQUÍFERO GUARANI,351885
214,2,Araçatuba,XI,ARAÇATUBA,35021,CENTRAL DO DRS II,351890
215,9,Marília,XIX,MARÍLIA,35095,TUPÃ,351900
216,7,Campinas,XVII,CAMPINAS,35072,REG METRO CAMPINAS,351905
217,7,Campinas,XVII,CAMPINAS,35072,REG METRO CAMPINAS,351907
218,6,Bauru,XV,BAURU,35062,BAURU,351910
219,9,Marília,XIX,MARÍLIA,35095,TUPÃ,351920
220,6,Bauru,XVI,BOTUCATU,35061,VALE DO JURUMIRIM,351925
221,3,Araraquara,XII,ARARAQUARA,35034,CORAÇÃO DO DRS III,351930
222,15,São José do Rio Preto,XXIX,SÃO JOSÉ DO RIO PRETO,35155,SÃO JOSÉ DO RIO PRETO,351940
223,9,Marília,XIII,ASSIS,35094,OURINHOS,351950
224,3,Araraquara,XII,ARARAQUARA,35032,CENTRO OESTE DO DRS III,351960
225,16,Sorocaba,XXXI,SOROCABA,35163,SOROCABA,351970
226,15,São José do Rio Preto,XXIX,SÃO JOSÉ DO RIO PRETO,35155,SÃO JOSÉ DO RIO PRETO,351980
227,11,Presidente Prudente,XXI,PRESIDENTE PRUDENTE,35113,ALTO CAPIVARI,351990
228,6,Bauru,XV,BAURU,35064,JAU,352000
229,8,Franca,XVIII,FRANCA,35083,ALTA MOGIANA,352010
230,17,Taubaté,XXVII,SÃO JOSÉ DOS CAMPOS,35171,ALTO VALE DO PARAÍBA,352020
231,12,Registro,XXIII,REGISTRO,35121,VALE DO RIBEIRA,352030
232,17,Taubaté,XXVIII,CARAGUATATUBA,35173,LITORAL NORTE,352040
233,12,Registro,XXIII,REGISTRO,35121,VALE DO RIBEIRA,352042
234,2,Araçatuba,XI,ARAÇATUBA,35022,LAGOS DO DRS II,352044
235,7,Campinas,XVII,CAMPINAS,35072,REG METRO CAMPINAS,352050
236,11,Presidente Prudente,XXI,PRESIDENTE PRUDENTE,35112,ALTA SOROCABANA,352060
237,15,São José do Rio Preto,XXX,JALES,35154,FERNANDÓPOLIS,352070
238,9,Marília,XIX,MARÍLIA,35091,ADAMANTINA,352080
239,9,Marília,XIII,ASSIS,35094,OURINHOS,352090
240,16,Sorocaba,XXXI,SOROCABA,35163,SOROCABA,352100
241,10,Piracicaba,XX,PIRACICABA,35104,RIO CLARO,352110
242,15,São José do Rio Preto,XXIX,SÃO JOSÉ DO RIO PRETO,35155,SÃO JOSÉ DO RIO PRETO,352115
243,12,Registro,XXIII,REGISTRO,35121,VALE DO RIBEIRA,352120
244,8,Franca,XVIII,FRANCA,35082,ALTA ANHANGUERA,352130
245,10,Piracicaba,XX,PIRACICABA,35102,LIMEIRA,352140
246,15,São José do Rio Preto,XXIX,SÃO JOSÉ DO RIO PRETO,35151,CATANDUVA,352150
247,11,Presidente Prudente,XXII,PRESIDENTE VENCESLAU,35111,ALTA PAULISTA,352160
248,16,Sorocaba,XXXII,ITAPEVA,35162,ITAPEVA,352170
249,6,Bauru,XVI,BOTUCATU,35061,VALE DO JURUMIRIM,352180
250,15,São José do Rio Preto,XXIX,SÃO JOSÉ DO RIO PRETO,35151,CATANDUVA,352190
251,6,Bauru,XV,BAURU,35064,JAU,352200
252,4,Baixada Santista,XXV,SANTOS,35041,BAIXADA SANTISTA,352210
253,16,Sorocaba,XXXII,ITAPEVA,35162,ITAPEVA,352215
254,1,São Paulo,X,OSASCO,35013,MANANCIAIS,352220
255,16,Sorocaba,XXXI,SOROCABA,35161,ITAPETININGA,352230
256,16,Sorocaba,XXXII,ITAPEVA,35162,ITAPEVA,352240
257,1,São Paulo,X,OSASCO,35014,ROTA DOS BANDEIRANTES,352250
258,14,São João da Boa Vista,XXVI,SÃO JOÃO DA BOA VISTA,35141,BAIXA MOGIANA,352260
259,16,Sorocaba,XXXII,ITAPEVA,35162,ITAPEVA,352265
260,3,Araraquara,XII,ARARAQUARA,35032,CENTRO OESTE DO DRS III,352270
261,6,Bauru,XVI,BOTUCATU,35061,VALE DO JURUMIRIM,352280
262,6,Bauru,XV,BAURU,35064,JAU,352290
263,2,Araçatuba,XI,ARAÇATUBA,35022,LAGOS DO DRS II,352300
264,1,São Paulo,VIII,MOGI DAS CRUZES,35011,ALTO DO TIETÊ,352310
265,16,Sorocaba,XXXII,ITAPEVA,35162,ITAPEVA,352320
266,12,Registro,XXIII,REGISTRO,35121,VALE DO RIBEIRA,352330
267,7,Campinas,XVII,CAMPINAS,35072,REG METRO CAMPINAS,352340
268,6,Bauru,XVI,BOTUCATU,35063,POLO CUESTA,352350
269,10,Piracicaba,XX,PIRACICABA,35104,RIO CLARO,352360
270,8,Franca,XVIII,FRANCA,35081,TRÊS COLINAS,352370
271,14,São João da Boa Vista,XXVI,SÃO JOÃO DA BOA VISTA,35143,RIO PARDO,352380
272,16,Sorocaba,XXXI,SOROCABA,35163,SOROCABA,352390
273,7,Campinas,XVII,CAMPINAS,35073,JUNDIAÍ,352400
274,8,Franca,XVIII,FRANCA,35083,ALTA MOGIANA,352410
275,5,Barretos,XIV,BARRETOS,35051,NORTE-BARRETOS,352420
276,13,Riberão Preto,XXIV,RIBEIRÃO PRETO,35131,HORIZONTE VERDE,352430
277,17,Taubaté,XXVII,SÃO JOSÉ DOS CAMPOS,35171,ALTO VALE DO PARAÍBA,352440
278,15,São José do Rio Preto,XXIX,SÃO JOSÉ DO RIO PRETO,35156,JOSÉ BONIFÁCIO,352450
279,12,Registro,XXIII,REGISTRO,35121,VALE DO RIBEIRA,352460
280,7,Campinas,XVII,CAMPINAS,35072,REG METRO CAMPINAS,352470
281,15,São José do Rio Preto,XXX,JALES,35153,JALES,352480
282,17,Taubaté,XXVII,SÃO JOSÉ DOS CAMPOS,35171,ALTO VALE DO PARAÍBA,352490
283,1,São Paulo,X,OSASCO,35014,ROTA DOS BANDEIRANTES,352500
284,13,Riberão Preto,XXIV,RIBEIRÃO PRETO,35132,AQUÍFERO GUARANI,352510
285,7,Campinas,XVII,CAMPINAS,35073,JUNDIAÍ,352520
286,6,Bauru,XV,BAURU,35064,JAU,352530
287,8,Franca,XVIII,FRANCA,35081,TRÊS COLINAS,352540
288,7,Campinas,XVII,CAMPINAS,35071,BRAGANÇA,352550
289,11,Presidente Prudente,XXI,PRESIDENTE PRUDENTE,35113,ALTO CAPIVARI,352560
290,15,São José do Rio Preto,XXIX,SÃO JOSÉ DO RIO PRETO,35156,JOSÉ BONIFÁCIO,352570
291,9,Marília,XIX,MARÍLIA,35093,MARÍLIA,352580
292,16,Sorocaba,XXXI,SOROCABA,35163,SOROCABA,352585
293,7,Campinas,XVII,CAMPINAS,35073,JUNDIAÍ,352590
294,11,Presidente Prudente,XXII,PRESIDENTE VENCESLAU,35111,ALTA PAULISTA,352600
295,12,Registro,XXIII,REGISTRO,35121,VALE DO RIBEIRA,352610
296,1,São Paulo,X,OSASCO,35013,MANANCIAIS,352620
297,17,Taubaté,XXXIII,TAUBATÉ,35174,V. PARAÍBA-REG. SERRANA,352630
298,6,Bauru,XVI,BOTUCATU,35063,POLO CUESTA,352640
299,2,Araçatuba,XI,ARAÇATUBA,35022,LAGOS DO DRS II,352650
300,17,Taubaté,XXXIII,TAUBATÉ,35172,CIRCUITO DA FÉ - VALE HISTÓRICO,352660
301,10,Piracicaba,XX,PIRACICABA,35101,ARARAS,352670
302,6,Bauru,XV,BAURU,35062,BAURU,352680
303,10,Piracicaba,XX,PIRACICABA,35102,LIMEIRA,352690
304,7,Campinas,XVII,CAMPINAS,35074,CIRCUITO DAS AGUAS,352700
305,6,Bauru,XV,BAURU,35065,LINS,352710
306,17,Taubaté,XXXIII,TAUBATÉ,35172,CIRCUITO DA FÉ - VALE HISTÓRICO,352720
307,2,Araçatuba,XI,ARAÇATUBA,35023,CONSÓRCIOS DO DRS II,352725
308,7,Campinas,XVII,CAMPINAS,35073,JUNDIAÍ,352730
309,9,Marília,XIX,MARÍLIA,35091,ADAMANTINA,352740
310,6,Bauru,XV,BAURU,35062,BAURU,352750
311,13,Riberão Preto,XXIV,RIBEIRÃO PRETO,35132,AQUÍFERO GUARANI,352760
312,2,Araçatuba,XI,ARAÇATUBA,35023,CONSÓRCIOS DO DRS II,352770
313,9,Marília,XIX,MARÍLIA,35093,MARÍLIA,352780
314,9,Marília,XIII,ASSIS,35092,ASSIS,352790
315,6,Bauru,XV,BAURU,35062,BAURU,352800
316,15,São José do Rio Preto,XXIX,SÃO JOSÉ DO RIO PRETO,35157,VOTUPORANGA,352810
317,15,São José do Rio Preto,XXX,JALES,35154,FERNANDÓPOLIS,352820
318,15,São José do Rio Preto,XXIX,SÃO JOSÉ DO RIO PRETO,35157,VOTUPORANGA,352830
319,16,Sorocaba,XXXI,SOROCABA,35163,SOROCABA,352840
320,1,São Paulo,IX,FRANCO DA ROCHA,35012,FRANCO DA ROCHA,352850
321,6,Bauru,XVI,BOTUCATU,35061,VALE DO JURUMIRIM,352860
322,11,Presidente Prudente,XXII,PRESIDENTE VENCESLAU,35114,EXTREMO OESTE PAULISTA,352870
323,9,Marília,XIII,ASSIS,35092,ASSIS,352880
324,15,São José do Rio Preto,XXIX,SÃO JOSÉ DO RIO PRETO,35151,CATANDUVA,352885
325,9,Marília,XIX,MARÍLIA,35091,ADAMANTINA,352890
326,9,Marília,XIX,MARÍLIA,35093,MARÍLIA,352900
327,15,São José do Rio Preto,XXX,JALES,35153,JALES,352910
328,11,Presidente Prudente,XXI,PRESIDENTE PRUDENTE,35112,ALTA SOROCABANA,352920
329,3,Araraquara,XII,ARARAQUARA,35033,NORTE DO DRS III,352930
330,1,São Paulo,VII,SANTO ANDRÉ,35015,GRANDE ABC,352940
331,15,São José do Rio Preto,XXIX,SÃO JOSÉ DO RIO PRETO,35156,JOSÉ BONIFÁCIO,352950
332,15,São José do Rio Preto,XXX,JALES,35154,FERNANDÓPOLIS,352960
333,15,São José do Rio Preto,XXX,JALES,35153,JALES,352965
334,8,Franca,XVIII,FRANCA,35083,ALTA MOGIANA,352970
335,6,Bauru,XV,BAURU,35064,JAU,352980
336,12,Registro,XXIII,REGISTRO,35121,VALE DO RIBEIRA,352990
337,15,São José do Rio Preto,XXX,JALES,35154,FERNANDÓPOLIS,353000
338,2,Araçatuba,XI,ARAÇATUBA,35022,LAGOS DO DRS II,353010
339,11,Presidente Prudente,XXII,PRESIDENTE VENCESLAU,35115,PONTAL DO PARANAPANEMA,353020
340,15,São José do Rio Preto,XXIX,SÃO JOSÉ DO RIO PRETO,35155,SÃO JOSÉ DO RIO PRETO,353030
341,15,São José do Rio Preto,XXIX,SÃO JOSÉ DO RIO PRETO,35155,SÃO JOSÉ DO RIO PRETO,353040
342,14,São João da Boa Vista,XXVI,SÃO JOÃO DA BOA VISTA,35143,RIO PARDO,353050
343,1,São Paulo,VIII,MOGI DAS CRUZES,35011,ALTO DO TIETÊ,353060
344,14,São João da Boa Vista,XXVI,SÃO JOÃO DA BOA VISTA,35141,BAIXA MOGIANA,353070
345,14,São João da Boa Vista,XXVI,SÃO JOÃO DA BOA VISTA,35141,BAIXA MOGIANA,353080
346,10,Piracicaba,XX,PIRACICABA,35103,PIRACICABA,353090
347,15,São José do Rio Preto,XXIX,SÃO JOSÉ DO RIO PRETO,35157,VOTUPORANGA,353100
348,4,Baixada Santista,XXV,SANTOS,35041,BAIXADA SANTISTA,353110
349,7,Campinas,XVII,CAMPINAS,35074,CIRCUITO DAS AGUAS,353120
350,13,Riberão Preto,XXIV,RIBEIRÃO PRETO,35131,HORIZONTE VERDE,353130
351,15,São José do Rio Preto,XXIX,SÃO JOSÉ DO RIO PRETO,35156,JOSÉ BONIFÁCIO,353140
352,5,Barretos,XIV,BARRETOS,35052,SUL-BARRETOS,353150
353,11,Presidente Prudente,XXII,PRESIDENTE VENCESLAU,35111,ALTA PAULISTA,353160
354,17,Taubaté,XXVII,SÃO JOSÉ DOS CAMPOS,35171,ALTO VALE DO PARAÍBA,353170
355,7,Campinas,XVII,CAMPINAS,35072,REG METRO CAMPINAS,353180
356,8,Franca,XVIII,FRANCA,35082,ALTA ANHANGUERA,353190
357,7,Campinas,XVII,CAMPINAS,35072,REG METRO CAMPINAS,353200
358,3,Araraquara,XII,ARARAQUARA,35031,CENTRAL DO DRS III,353205
359,2,Araçatuba,XI,ARAÇATUBA,35022,LAGOS DO DRS II,353210
360,11,Presidente Prudente,XXI,PRESIDENTE PRUDENTE,35113,ALTO CAPIVARI,353215
361,11,Presidente Prudente,XXI,PRESIDENTE PRUDENTE,35112,ALTA SOROCABANA,353220
362,17,Taubaté,XXXIII,TAUBATÉ,35174,V. PARAÍBA-REG. SERRANA,353230
363,7,Campinas,XVII,CAMPINAS,35071,BRAGANÇA,353240
364,15,São José do Rio Preto,XXIX,SÃO JOSÉ DO RIO PRETO,35155,SÃO JOSÉ DO RIO PRETO,353250
365,15,São José do Rio Preto,XXIX,SÃO JOSÉ DO RIO PRETO,35157,VOTUPORANGA,353260
366,15,São José do Rio Preto,XXIX,SÃO JOSÉ DO RIO PRETO,35156,JOSÉ BONIFÁCIO,353270
367,15,São José do Rio Preto,XXIX,SÃO JOSÉ DO RIO PRETO,35155,SÃO JOSÉ DO RIO PRETO,353280
368,16,Sorocaba,XXXII,ITAPEVA,35162,ITAPEVA,353282
369,15,São José do Rio Preto,XXX,JALES,35152,SANTA FÉ DO SUL,353284
370,2,Araçatuba,XI,ARAÇATUBA,35021,CENTRAL DO DRS II,353286
371,3,Araraquara,XII,ARARAQUARA,35032,CENTRO OESTE DO DRS III,353290
372,15,São José do Rio Preto,XXIX,SÃO JOSÉ DO RIO PRETO,35155,SÃO JOSÉ DO RIO PRETO,353300
373,11,Presidente Prudente,XXII,PRESIDENTE VENCESLAU,35111,ALTA PAULISTA,353310
374,2,Araçatuba,XI,ARAÇATUBA,35022,LAGOS DO DRS II,353320
375,15,São José do Rio Preto,XXIX,SÃO JOSÉ DO RIO PRETO,35151,CATANDUVA,353325
376,2,Araçatuba,XI,ARAÇATUBA,35021,CENTRAL DO DRS II,353330
377,7,Campinas,XVII,CAMPINAS,35072,REG METRO CAMPINAS,353340
378,15,São José do Rio Preto,XXIX,SÃO JOSÉ DO RIO PRETO,35151,CATANDUVA,353350
379,8,Franca,XVIII,FRANCA,35082,ALTA ANHANGUERA,353360
380,9,Marília,XIX,MARÍLIA,35093,MARÍLIA,353370
381,9,Marília,XIII,ASSIS,35094,OURINHOS,353380
382,5,Barretos,XIV,BARRETOS,35051,NORTE-BARRETOS,353390
383,15,São José do Rio Preto,XXIX,SÃO JOSÉ DO RIO PRETO,35155,SÃO JOSÉ DO RIO PRETO,353400
384,9,Marília,XIX,MARÍLIA,35093,MARÍLIA,353410
385,15,São José do Rio Preto,XXIX,SÃO JOSÉ DO RIO PRETO,35155,SÃO JOSÉ DO RIO PRETO,353420
386,8,Franca,XVIII,FRANCA,35082,ALTA ANHANGUERA,353430
387,1,São Paulo,X,OSASCO,35014,ROTA DOS BANDEIRANTES,353440
388,9,Marília,XIX,MARÍLIA,35093,MARÍLIA,353450
389,9,Marília,XIX,MARÍLIA,35091,ADAMANTINA,353460
390,9,Marília,XIII,ASSIS,35094,OURINHOS,353470
391,15,São José do Rio Preto,XXX,JALES,35154,FERNANDÓPOLIS,353475
392,11,Presidente Prudente,XXII,PRESIDENTE VENCESLAU,35111,ALTA PAULISTA,353480
393,9,Marília,XIX,MARÍLIA,35091,ADAMANTINA,353490
394,15,São José do Rio Preto,XXIX,SÃO JOSÉ DO RIO PRETO,35155,SÃO JOSÉ DO RIO PRETO,353500
395,15,São José do Rio Preto,XXIX,SÃO JOSÉ DO RIO PRETO,35151,CATANDUVA,353510
396,15,São José do Rio Preto,XXX,JALES,35153,JALES,353520
397,9,Marília,XIII,ASSIS,35092,ASSIS,353530
398,11,Presidente Prudente,XXII,PRESIDENTE VENCESLAU,35111,ALTA PAULISTA,353540
399,9,Marília,XIII,ASSIS,35092,ASSIS,353550
400,17,Taubaté,XXVII,SÃO JOSÉ DOS CAMPOS,35171,ALTO VALE DO PARAÍBA,353560
401,15,São José do Rio Preto,XXIX,SÃO JOSÉ DO RIO PRETO,35151,CATANDUVA,353570
402,6,Bauru,XVI,BOTUCATU,35061,VALE DO JURUMIRIM,353580
403,15,São José do Rio Preto,XXX,JALES,35153,JALES,353590
404,9,Marília,XIX,MARÍLIA,35095,TUPÃ,353600
405,6,Bauru,XVI,BOTUCATU,35063,POLO CUESTA,353610
406,12,Registro,XXIII,REGISTRO,35121,VALE DO RIBEIRA,353620
407,15,São José do Rio Preto,XXIX,SÃO JOSÉ DO RIO PRETO,35157,VOTUPORANGA,353625
408,8,Franca,XVIII,FRANCA,35081,TRÊS COLINAS,353630
409,11,Presidente Prudente,XXII,PRESIDENTE VENCESLAU,35111,ALTA PAULISTA,353640
410,7,Campinas,XVII,CAMPINAS,35072,REG METRO CAMPINAS,353650
411,6,Bauru,XV,BAURU,35062,BAURU,353657
412,15,São José do Rio Preto,XXIX,SÃO JOSÉ DO RIO PRETO,35155,SÃO JOSÉ DO RIO PRETO,353660
413,6,Bauru,XV,BAURU,35062,BAURU,353670
414,7,Campinas,XVII,CAMPINAS,35071,BRAGANÇA,353680
415,15,São José do Rio Preto,XXX,JALES,35154,FERNANDÓPOLIS,353690
416,8,Franca,XVIII,FRANCA,35081,TRÊS COLINAS,353700
417,7,Campinas,XVII,CAMPINAS,35072,REG METRO CAMPINAS,353710
418,9,Marília,XIII,ASSIS,35092,ASSIS,353715
419,12,Registro,XXIII,REGISTRO,35121,VALE DO RIBEIRA,353720
420,2,Araçatuba,XI,ARAÇATUBA,35023,CONSÓRCIOS DO DRS II,353730
421,2,Araçatuba,XI,ARAÇATUBA,35022,LAGOS DO DRS II,353740
422,6,Bauru,XVI,BOTUCATU,35063,POLO CUESTA,353750
423,4,Baixada Santista,XXV,SANTOS,35041,BAIXADA SANTISTA,353760
424,2,Araçatuba,XI,ARAÇATUBA,35023,CONSÓRCIOS DO DRS II,353770
425,16,Sorocaba,XXXI,SOROCABA,35163,SOROCABA,353780
426,16,Sorocaba,XXXI,SOROCABA,35163,SOROCABA,353790
427,17,Taubaté,XXXIII,TAUBATÉ,35174,V. PARAÍBA-REG. SERRANA,353800
428,15,São José do Rio Preto,XXIX,SÃO JOSÉ DO RIO PRETO,35151,CATANDUVA,353810
429,7,Campinas,XVII,CAMPINAS,35071,BRAGANÇA,353820
430,11,Presidente Prudente,XXII,PRESIDENTE VENCESLAU,35114,EXTREMO OESTE PAULISTA,353830
431,17,Taubaté,XXXIII,TAUBATÉ,35172,CIRCUITO DA FÉ - VALE HISTÓRICO,353850
432,7,Campinas,XVII,CAMPINAS,35071,BRAGANÇA,353860
433,10,Piracicaba,XX,PIRACICABA,35103,PIRACICABA,353870
434,6,Bauru,XVI,BOTUCATU,35061,VALE DO JURUMIRIM,353880
435,6,Bauru,XV,BAURU,35062,BAURU,353890
436,15,São José do Rio Preto,XXIX,SÃO JOSÉ DO RIO PRETO,35151,CATANDUVA,353900
437,1,São Paulo,X,OSASCO,35014,ROTA DOS BANDEIRANTES,353910
438,11,Presidente Prudente,XXI,PRESIDENTE PRUDENTE,35112,ALTA SOROCABANA,353920
439,10,Piracicaba,XX,PIRACICABA,35101,ARARAS,353930
440,6,Bauru,XV,BAURU,35062,BAURU,353940
441,13,Riberão Preto,XXIV,RIBEIRÃO PRETO,35131,HORIZONTE VERDE,353950
442,15,São José do Rio Preto,XXIX,SÃO JOSÉ DO RIO PRETO,35156,JOSÉ BONIFÁCIO,353960
443,9,Marília,XIII,ASSIS,35092,ASSIS,353970
444,1,São Paulo,VIII,MOGI DAS CRUZES,35011,ALTO DO TIETÊ,353980
445,15,São José do Rio Preto,XXIX,SÃO JOSÉ DO RIO PRETO,35156,JOSÉ BONIFÁCIO,353990
446,9,Marília,XIX,MARÍLIA,35093,MARÍLIA,354000
447,6,Bauru,XV,BAURU,35065,LINS,354010
448,13,Riberão Preto,XXIV,RIBEIRÃO PRETO,35131,HORIZONTE VERDE,354020
449,15,São José do Rio Preto,XXX,JALES,35153,JALES,354025
450,15,São José do Rio Preto,XXIX,SÃO JOSÉ DO RIO PRETO,35157,VOTUPORANGA,354030
451,15,São José do Rio Preto,XXX,JALES,35154,FERNANDÓPOLIS,354040
452,6,Bauru,XVI,BOTUCATU,35063,POLO CUESTA,354050
453,16,Sorocaba,XXXI,SOROCABA,35163,SOROCABA,354060
454,3,Araraquara,XII,ARARAQUARA,35034,CORAÇÃO DO DRS III,354070
455,17,Taubaté,XXXIII,TAUBATÉ,35172,CIRCUITO DA FÉ - VALE HISTÓRICO,354075
456,15,São José do Rio Preto,XXIX,SÃO JOSÉ DO RIO PRETO,35155,SÃO JOSÉ DO RIO PRETO,354080
457,9,Marília,XIX,MARÍLIA,35091,ADAMANTINA,354085
458,13,Riberão Preto,XXIV,RIBEIRÃO PRETO,35131,HORIZONTE VERDE,354090
459,4,Baixada Santista,XXV,SANTOS,35041,BAIXADA SANTISTA,354100
460,6,Bauru,XVI,BOTUCATU,35063,POLO CUESTA,354105
461,6,Bauru,XV,BAURU,35062,BAURU,354110
462,11,Presidente Prudente,XXI,PRESIDENTE PRUDENTE,35112,ALTA SOROCABANA,354120
463,11,Presidente Prudente,XXII,PRESIDENTE VENCESLAU,35114,EXTREMO OESTE PAULISTA,354130
464,11,Presidente Prudente,XXI,PRESIDENTE PRUDENTE,35112,ALTA SOROCABANA,354140
465,11,Presidente Prudente,XXII,PRESIDENTE VENCESLAU,35114,EXTREMO OESTE PAULISTA,354150
466,6,Bauru,XV,BAURU,35065,LINS,354160
467,16,Sorocaba,XXXI,SOROCABA,35161,ITAPETININGA,354165
468,11,Presidente Prudente,XXI,PRESIDENTE PRUDENTE,35113,ALTO CAPIVARI,354170
469,9,Marília,XIX,MARÍLIA,35095,TUPÃ,354180
470,17,Taubaté,XXXIII,TAUBATÉ,35172,CIRCUITO DA FÉ - VALE HISTÓRICO,354190
471,9,Marília,XIX,MARÍLIA,35093,MARÍLIA,354200
472,10,Piracicaba,XX,PIRACICABA,35103,PIRACICABA,354210
473,11,Presidente Prudente,XXI,PRESIDENTE PRUDENTE,35113,ALTO CAPIVARI,354220
474,17,Taubaté,XXXIII,TAUBATÉ,35174,V. PARAÍBA-REG. SERRANA,354230
475,11,Presidente Prudente,XXI,PRESIDENTE PRUDENTE,35112,ALTA SOROCABANA,354240
476,6,Bauru,XV,BAURU,35062,BAURU,354250
477,12,Registro,XXIII,REGISTRO,35121,VALE DO RIBEIRA,354260
478,8,Franca,XVIII,FRANCA,35081,TRÊS COLINAS,354270
479,16,Sorocaba,XXXII,ITAPEVA,35162,ITAPEVA,354280
480,3,Araraquara,XII,ARARAQUARA,35034,CORAÇÃO DO DRS III,354290
481,16,Sorocaba,XXXII,ITAPEVA,35162,ITAPEVA,354300
482,8,Franca,XVIII,FRANCA,35081,TRÊS COLINAS,354310
483,9,Marília,XIII,ASSIS,35094,OURINHOS,354320
484,11,Presidente Prudente,XXI,PRESIDENTE PRUDENTE,35112,ALTA SOROCABANA,354323
485,16,Sorocaba,XXXI,SOROCABA,35161,ITAPETININGA,354325
486,1,São Paulo,VII,SANTO ANDRÉ,35015,GRANDE ABC,354330
487,13,Riberão Preto,XXIV,RIBEIRÃO PRETO,35132,AQUÍFERO GUARANI,354340
488,16,Sorocaba,XXXII,ITAPEVA,35162,ITAPEVA,354350
489,8,Franca,XVIII,FRANCA,35081,TRÊS COLINAS,354360
490,3,Araraquara,XII,ARARAQUARA,35031,CENTRAL DO DRS III,354370
491,9,Marília,XIX,MARÍLIA,35095,TUPÃ,354380
492,10,Piracicaba,XX,PIRACICABA,35104,RIO CLARO,354390
493,10,Piracicaba,XX,PIRACICABA,35103,PIRACICABA,354400
494,1,São Paulo,VII,SANTO ANDRÉ,35015,GRANDE ABC,354410
495,15,São José do Rio Preto,XXIX,SÃO JOSÉ DO RIO PRETO,35157,VOTUPORANGA,354420
496,11,Presidente Prudente,XXII,PRESIDENTE VENCESLAU,35115,PONTAL DO PARANAPANEMA,354425
497,17,Taubaté,XXXIII,TAUBATÉ,35172,CIRCUITO DA FÉ - VALE HISTÓRICO,354430
498,2,Araçatuba,XI,ARAÇATUBA,35021,CENTRAL DO DRS II,354440
499,15,São José do Rio Preto,XXX,JALES,35152,SANTA FÉ DO SUL,354450
500,6,Bauru,XV,BAURU,35065,LINS,354460
501,9,Marília,XIX,MARÍLIA,35091,ADAMANTINA,354470
502,15,São José do Rio Preto,XXIX,SÃO JOSÉ DO RIO PRETO,35151,CATANDUVA,354480
503,8,Franca,XVIII,FRANCA,35082,ALTA ANHANGUERA,354490
504,1,São Paulo,VIII,MOGI DAS CRUZES,35011,ALTO DO TIETÊ,354500
505,9,Marília,XIX,MARÍLIA,35091,ADAMANTINA,354510
506,10,Piracicaba,XX,PIRACICABA,35103,PIRACICABA,354515
507,16,Sorocaba,XXXI,SOROCABA,35163,SOROCABA,354520
508,16,Sorocaba,XXXI,SOROCABA,35163,SOROCABA,354530
509,9,Marília,XIII,ASSIS,35094,OURINHOS,354540
510,11,Presidente Prudente,XXI,PRESIDENTE PRUDENTE,35112,ALTA SOROCABANA,354550
511,15,São José do Rio Preto,XXIX,SÃO JOSÉ DO RIO PRETO,35151,CATANDUVA,354560
512,15,São José do Rio Preto,XXX,JALES,35153,JALES,354570
513,7,Campinas,XVII,CAMPINAS,35072,REG METRO CAMPINAS,354580
514,17,Taubaté,XXVII,SÃO JOSÉ DOS CAMPOS,35171,ALTO VALE DO PARAÍBA,354600
515,15,São José do Rio Preto,XXX,JALES,35152,SANTA FÉ DO SUL,354610
516,10,Piracicaba,XX,PIRACICABA,35101,ARARAS,354620
517,13,Riberão Preto,XXIV,RIBEIRÃO PRETO,35133,VALE DAS CACHOEIRAS,354625
518,14,São João da Boa Vista,XXVI,SÃO JOÃO DA BOA VISTA,35142,MANTIQUEIRA,354630
519,9,Marília,XIII,ASSIS,35094,OURINHOS,354640
520,3,Araraquara,XII,ARARAQUARA,35033,NORTE DO DRS III,354650
521,15,São José do Rio Preto,XXX,JALES,35152,SANTA FÉ DO SUL,354660
522,10,Piracicaba,XX,PIRACICABA,35104,RIO CLARO,354670
523,1,São Paulo,VIII,MOGI DAS CRUZES,35011,ALTO DO TIETÊ,354680
524,3,Araraquara,XII,ARARAQUARA,35031,CENTRAL DO DRS III,354690
525,10,Piracicaba,XX,PIRACICABA,35103,PIRACICABA,354700
526,11,Presidente Prudente,XXII,PRESIDENTE VENCESLAU,35111,ALTA PAULISTA,354710
527,15,São José do Rio Preto,XXX,JALES,35153,JALES,354720
528,1,São Paulo,X,OSASCO,35014,ROTA DOS BANDEIRANTES,354730
529,15,São José do Rio Preto,XXX,JALES,35152,SANTA FÉ DO SUL,354740
530,13,Riberão Preto,XXIV,RIBEIRÃO PRETO,35132,AQUÍFERO GUARANI,354750
531,13,Riberão Preto,XXIV,RIBEIRÃO PRETO,35132,AQUÍFERO GUARANI,354760
532,15,São José do Rio Preto,XXX,JALES,35153,JALES,354765
533,11,Presidente Prudente,XXI,PRESIDENTE PRUDENTE,35112,ALTA SOROCABANA,354770
534,1,São Paulo,VII,SANTO ANDRÉ,35015,GRANDE ABC,354780
535,13,Riberão Preto,XXIV,RIBEIRÃO PRETO,35133,VALE DAS CACHOEIRAS,354790
536,7,Campinas,XVII,CAMPINAS,35072,REG METRO CAMPINAS,354800
537,2,Araçatuba,XI,ARAÇATUBA,35021,CENTRAL DO DRS II,354805
538,14,São João da Boa Vista,XXVI,SÃO JOÃO DA BOA VISTA,35142,MANTIQUEIRA,354810
539,17,Taubaté,XXXIII,TAUBATÉ,35174,V. PARAÍBA-REG. SERRANA,354820
540,11,Presidente Prudente,XXI,PRESIDENTE PRUDENTE,35112,ALTA SOROCABANA,354830
541,2,Araçatuba,XI,ARAÇATUBA,35023,CONSÓRCIOS DO DRS II,354840
542,4,Baixada Santista,XXV,SANTOS,35041,BAIXADA SANTISTA,354850
543,17,Taubaté,XXXIII,TAUBATÉ,35174,V. PARAÍBA-REG. SERRANA,354860
544,1,São Paulo,VII,SANTO ANDRÉ,35015,GRANDE ABC,354870
545,1,São Paulo,VII,SANTO ANDRÉ,35015,GRANDE ABC,354880
546,3,Araraquara,XII,ARARAQUARA,35034,CORAÇÃO DO DRS III,354890
547,15,São José do Rio Preto,XXX,JALES,35153,JALES,354900
548,14,São João da Boa Vista,XXVI,SÃO JOÃO DA BOA VISTA,35142,MANTIQUEIRA,354910
549,15,São José do Rio Preto,XXX,JALES,35154,FERNANDÓPOLIS,354920
550,15,São José do Rio Preto,XXX,JALES,35154,FERNANDÓPOLIS,354925
551,11,Presidente Prudente,XXII,PRESIDENTE VENCESLAU,35111,ALTA PAULISTA,354930
552,8,Franca,XVIII,FRANCA,35082,ALTA ANHANGUERA,354940
553,8,Franca,XVIII,FRANCA,35081,TRÊS COLINAS,354950
554,17,Taubaté,XXXIII,TAUBATÉ,35172,CIRCUITO DA FÉ - VALE HISTÓRICO,354960
555,14,São João da Boa Vista,XXVI,SÃO JOÃO DA BOA VISTA,35143,RIO PARDO,354970
556,15,São José do Rio Preto,XXIX,SÃO JOSÉ DO RIO PRETO,35155,SÃO JOSÉ DO RIO PRETO,354980
557,17,Taubaté,XXVII,SÃO JOSÉ DOS CAMPOS,35171,ALTO VALE DO PARAÍBA,354990
558,1,São Paulo,X,OSASCO,35013,MANANCIAIS,354995
559,17,Taubaté,XXXIII,TAUBATÉ,35174,V. PARAÍBA-REG. SERRANA,355000
560,6,Bauru,XVI,BOTUCATU,35063,POLO CUESTA,355010
561,16,Sorocaba,XXXI,SOROCABA,35161,ITAPETININGA,355020
562,1,São Paulo,I,CAPITAL,35016,SÃO PAULO,355030
563,10,Piracicaba,XX,PIRACICABA,35103,PIRACICABA,355040
564,9,Marília,XIII,ASSIS,35094,OURINHOS,355050
565,16,Sorocaba,XXXI,SOROCABA,35163,SOROCABA,355060
566,17,Taubaté,XXVIII,CARAGUATATUBA,35173,LITORAL NORTE,355070
567,14,São João da Boa Vista,XXVI,SÃO JOÃO DA BOA VISTA,35143,RIO PARDO,355080
568,13,Riberão Preto,XXIV,RIBEIRÃO PRETO,35132,AQUÍFERO GUARANI,355090
569,4,Baixada Santista,XXV,SANTOS,35041,BAIXADA SANTISTA,355100
570,16,Sorocaba,XXXI,SOROCABA,35161,ITAPETININGA,355110
571,6,Bauru,XVI,BOTUCATU,35061,VALE DO JURUMIRIM,355120
572,15,São José do Rio Preto,XXIX,SÃO JOSÉ DO RIO PRETO,35157,VOTUPORANGA,355130
573,13,Riberão Preto,XXIV,RIBEIRÃO PRETO,35132,AQUÍFERO GUARANI,355140
574,13,Riberão Preto,XXIV,RIBEIRÃO PRETO,35132,AQUÍFERO GUARANI,355150
575,7,Campinas,XVII,CAMPINAS,35074,CIRCUITO DAS AGUAS,355160
576,13,Riberão Preto,XXIV,RIBEIRÃO PRETO,35131,HORIZONTE VERDE,355170
577,12,Registro,XXIII,REGISTRO,35121,VALE DO RIBEIRA,355180
578,5,Barretos,XIV,BARRETOS,35051,NORTE-BARRETOS,355190
579,17,Taubaté,XXXIII,TAUBATÉ,35172,CIRCUITO DA FÉ - VALE HISTÓRICO,355200
580,7,Campinas,XVII,CAMPINAS,35071,BRAGANÇA,355210
581,16,Sorocaba,XXXI,SOROCABA,35163,SOROCABA,355220
582,2,Araçatuba,XI,ARAÇATUBA,35022,LAGOS DO DRS II,355230
583,7,Campinas,XVII,CAMPINAS,35072,REG METRO CAMPINAS,355240
584,1,São Paulo,VIII,MOGI DAS CRUZES,35011,ALTO DO TIETÊ,355250
585,2,Araçatuba,XI,ARAÇATUBA,35022,LAGOS DO DRS II,355255
586,15,São José do Rio Preto,XXIX,SÃO JOSÉ DO RIO PRETO,35151,CATANDUVA,355260
587,3,Araraquara,XII,ARARAQUARA,35032,CENTRO OESTE DO DRS III,355270
588,1,São Paulo,X,OSASCO,35013,MANANCIAIS,355280
589,11,Presidente Prudente,XXI,PRESIDENTE PRUDENTE,35112,ALTA SOROCABANA,355290
590,6,Bauru,XVI,BOTUCATU,35061,VALE DO JURUMIRIM,355300
591,5,Barretos,XIV,BARRETOS,35052,SUL-BARRETOS,355310
592,5,Barretos,XIV,BARRETOS,35052,SUL-BARRETOS,355320
593,14,São João da Boa Vista,XXVI,SÃO JOÃO DA BOA VISTA,35142,MANTIQUEIRA,355330
594,15,São José do Rio Preto,XXIX,SÃO JOSÉ DO RIO PRETO,35155,SÃO JOSÉ DO RIO PRETO,355340
595,16,Sorocaba,XXXI,SOROCABA,35163,SOROCABA,355350
596,14,São João da Boa Vista,XXVI,SÃO JOÃO DA BOA VISTA,35143,RIO PARDO,355360
597,5,Barretos,XIV,BARRETOS,35052,SUL-BARRETOS,355365
598,3,Araraquara,XII,ARARAQUARA,35033,NORTE DO DRS III,355370
599,6,Bauru,XVI,BOTUCATU,35061,VALE DO JURUMIRIM,355380
600,16,Sorocaba,XXXII,ITAPEVA,35162,ITAPEVA,355385
601,11,Presidente Prudente,XXI,PRESIDENTE PRUDENTE,35112,ALTA SOROCABANA,355390
602,9,Marília,XIII,ASSIS,35092,ASSIS,355395
603,16,Sorocaba,XXXI,SOROCABA,35161,ITAPETININGA,355400
604,17,Taubaté,XXXIII,TAUBATÉ,35174,V. PARAÍBA-REG. SERRANA,355410
605,6,Bauru,XVI,BOTUCATU,35061,VALE DO JURUMIRIM,355420
606,11,Presidente Prudente,XXII,PRESIDENTE VENCESLAU,35115,PONTAL DO PARANAPANEMA,355430
607,5,Barretos,XIV,BARRETOS,35052,SUL-BARRETOS,355440
608,16,Sorocaba,XXXI,SOROCABA,35163,SOROCABA,355450
609,9,Marília,XIII,ASSIS,35094,OURINHOS,355460
610,6,Bauru,XVI,BOTUCATU,35063,POLO CUESTA,355465
611,6,Bauru,XV,BAURU,35064,JAU,355470
612,3,Araraquara,XII,ARARAQUARA,35031,CENTRAL DO DRS III,355475
613,17,Taubaté,XXXIII,TAUBATÉ,35174,V. PARAÍBA-REG. SERRANA,355480
614,15,São José do Rio Preto,XXX,JALES,35152,SANTA FÉ DO SUL,355490
615,7,Campinas,XVII,CAMPINAS,35071,BRAGANÇA,355495
616,9,Marília,XIX,MARÍLIA,35095,TUPÃ,355500
617,11,Presidente Prudente,XXII,PRESIDENTE VENCESLAU,35111,ALTA PAULISTA,355510
618,2,Araçatuba,XI,ARAÇATUBA,35023,CONSÓRCIOS DO DRS II,355520
619,15,São José do Rio Preto,XXX,JALES,35154,FERNANDÓPOLIS,355530
620,15,São José do Rio Preto,XXIX,SÃO JOSÉ DO RIO PRETO,35156,JOSÉ BONIFÁCIO,355535
621,17,Taubaté,XXVIII,CARAGUATATUBA,35173,LITORAL NORTE,355540
622,9,Marília,XIX,MARÍLIA,35093,MARÍLIA,355550
623,15,São José do Rio Preto,XXIX,SÃO JOSÉ DO RIO PRETO,35155,SÃO JOSÉ DO RIO PRETO,355560
624,15,São José do Rio Preto,XXIX,SÃO JOSÉ DO RIO PRETO,35156,JOSÉ BONIFÁCIO,355570
625,15,São José do Rio Preto,XXX,JALES,35153,JALES,355580
626,6,Bauru,XV,BAURU,35065,LINS,355590
627,15,São José do Rio Preto,XXIX,SÃO JOSÉ DO RIO PRETO,35151,CATANDUVA,355600
628,15,São José do Rio Preto,XXIX,SÃO JOSÉ DO RIO PRETO,35157,VOTUPORANGA,355610
629,7,Campinas,XVII,CAMPINAS,35072,REG METRO CAMPINAS,355620
630,2,Araçatuba,XI,ARAÇATUBA,35021,CENTRAL DO DRS II,355630
631,7,Campinas,XVII,CAMPINAS,35071,BRAGANÇA,355635
632,14,São João da Boa Vista,XXVI,SÃO JOÃO DA BOA VISTA,35142,MANTIQUEIRA,355640
633,1,São Paulo,X,OSASCO,35013,MANANCIAIS,355645
634,7,Campinas,XVII,CAMPINAS,35073,JUNDIAÍ,355650
635,9,Marília,XIX,MARÍLIA,35093,MARÍLIA,355660
636,7,Campinas,XVII,CAMPINAS,35072,REG METRO CAMPINAS,355670
637,5,Barretos,XIV,BARRETOS,35052,SUL-BARRETOS,355680
638,5,Barretos,XIV,BARRETOS,35052,SUL-BARRETOS,355690
639,15,São José do Rio Preto,XXX,JALES,35153,JALES,355695
640,16,Sorocaba,XXXI,SOROCABA,35163,SOROCABA,355700
641,15,São José do Rio Preto,XXIX,SÃO JOSÉ DO RIO PRETO,35157,VOTUPORANGA,355710
642,15,São José do Rio Preto,XXIX,SÃO JOSÉ DO RIO PRETO,35156,JOSÉ BONIFÁCIO,355715
643,9,Marília,XIII,ASSIS,35094,OURINHOS,355720
644,14,São João da Boa Vista,XXVI,SÃO JOÃO DA BOA VISTA,35141,BAIXA MOGIANA,355730
